,channel_name,category,category_ID,length_of_channel_description,age_of_channel,channel_publishe_year,channel_publishe_month,subscriber_count,views,total_videos,single_playlist_id
0,Brave Wilderness,Pets & Animals,15,648,2981,2014,9,20500000,4733359791,729,UU6E2mP01ZLH_kbAyeazCNdg
1,That Little Puff,Pets & Animals,15,850,799,2020,8,15700000,14002123971,612,UUlFN9LShD_Pv0wnSeUKbUZw
2,The Dodo,Pets & Animals,15,280,3152,2014,3,12500000,8303991446,7184,UUINb0wqPz-A0dV9nARjJlOQ
3,Maymo,Pets & Animals,15,476,5851,2006,10,11400000,4976000019,499,UUC7tqA6lA2QRw4BdrAEKFxg
4,Joey Graceffa,Pets & Animals,15,255,4759,2009,10,9420000,2080456919,1859,UUGCPAOQDZa_TTTXDr5byjww
5,AaronsAnimals,Pets & Animals,15,236,2824,2015,2,7530000,2438384703,95,UUNo5PGwGmfnEprEUUb9AGgw
6,ViralHog,Pets & Animals,15,839,2998,2014,8,7080000,10365597976,35522,UU3339WgBDKIcxTfywuSmG8w
7,Animals Home,Pets & Animals,15,333,860,2020,6,6970000,4516313111,671,UUth6n_FHj9XBqGNuuVgcizA
8,Boram Tube PRT,Pets & Animals,15,0,4663,2010,1,6650000,2124088765,412,UUKwdrlLDx6A4RVXbdMKNk5w
9,Life of Sammie & Summer,Pets & Animals,15,0,5429,2007,12,6320000,1168102085,150,UUI8FQkQ-Iv73GZcsJ-6pNWw
10,Animal Planet,Pets & Animals,15,355,5744,2007,2,5430000,2507304134,5216,UUkEBDbzLyH-LbB2FgMoSMaQ
11,Jacob Colvin,Pets & Animals,15,11,1615,2018,6,5220000,1545108488,377,UUUw4K8hh4No3ks8wxfqj-uQ
12,Animal HT,Pets & Animals,15,1,492,2021,7,5200000,2328670976,160,UUqVXYi_LeGx2-eqH0G6wqaQ
13,Kritter Klub,Pets & Animals,15,370,1620,2018,5,5170000,2180352644,2442,UU6zbH1Z4G32bBV9wyK6ikPA
14,Hope For Paws - Official Rescue Channel,Pets & Animals,15,983,5897,2006,9,5160000,1402608888,622,UUdu8QrpJd6rdHU9fHl8J01A
15,JayPrehistoricPets,Pets & Animals,15,428,5504,2007,10,4260000,2307182571,1821,UUxmpUZtj2j93UuFALWE1q4w
16,Catch Em All Fishing with Zak Catch em,Pets & Animals,15,324,2405,2016,4,3940000,967912165,888,UU7MCFUG5oKKsfVDl7gT7BRA
17,Louie The Beagle,Pets & Animals,15,310,3662,2012,10,3800000,1226104054,562,UUZ-oMIRggrNuzsWLtNFXBXw
18,zefrank1,Pets & Animals,15,168,5951,2006,7,3790000,624607336,206,UUVpankR4HtoAVtYnFDUieYA
19,pets swag,Pets & Animals,15,201,644,2021,1,3850000,1349763546,3106,UUZ_r5HesKAr9EJInthnPSoA
20,Zak George’s Dog Training Revolution,Pets & Animals,15,683,5906,2006,9,3590000,277481310,576,UUZzFRKsgVMhGTxffpzgTJlQ
21,Aww Animals,Pets & Animals,15,289,1193,2019,8,3580000,1085757249,116,UU8hC-augAnujJeprhjI0YkA
22,The MARINS,Pets & Animals,15,107,3272,2013,11,3350000,516522429,304,UUMVxGzgsFscP0mtAVDyzTGQ
23,Tiger Productions,Pets & Animals,15,985,3673,2012,10,3300000,1363453550,578,UUKy3MG7_If9KlVuvw3rPMfw
24,Brodie That Dood,Pets & Animals,15,115,995,2020,2,3250000,1428863963,334,UU5wEWgN1dOUR6SLMOO-CuEg
25,Life Of Big Cat,Pets & Animals,15,840,2991,2014,8,3130000,797731000,106,UUV0zo6DvLdckCR_PKY5OCpA
26,Exotics Lair,Pets & Animals,15,683,2645,2015,8,3010000,650724853,795,UUJIW-bpoAsZY5vnsEShgTSw
27,Corbin Maxey,Pets & Animals,15,625,5198,2008,8,2980000,1533182752,668,UUz5Ms8847Lmak08A5AiGOEw
28,The Pet Collective,Pets & Animals,15,680,3958,2012,1,2940000,1557533435,4833,UUPIvT-zcQl2H0vabdXJGcpg
29,4 Ever Green,Pets & Animals,15,605,2648,2015,8,2900000,675496042,506,UURpNVpZoW56rOsV-6wFK3lg
30,Latest Sightings,Pets & Animals,15,154,4323,2011,1,2900000,2008371720,645,UUyfZleh4w7buTzi0WfY8WqA
31,Gohan The Husky,Pets & Animals,15,27,3243,2013,12,2860000,380719093,433,UUKD8QcX1LhFB8n7lhjfuQdg
32,Talking Kitty Cat,Pets & Animals,15,289,5455,2007,11,2820000,965027306,167,UUYFo16eFDNhD3W_POj9gKFw
33,Hammy and Olivia,Pets & Animals,15,645,876,2020,6,2780000,1227445908,656,UUItXVkLkMv3RbJesDZW0uYA
34,ND Channel,Pets & Animals,15,154,2889,2014,12,2710000,309969829,38,UUUvT5_2eXhGgUD7QZ-pVa4g
35,Min Leo,Pets & Animals,15,531,983,2020,2,2670000,826358264,336,UUseRfaqrTt66Xp2FB2PFgUQ
36,MonkeyBoo,Pets & Animals,15,792,3952,2012,1,2500000,710354260,1403,UUf4VNiylVdKz_4b8uEoYXBA
37,Cesar Millan,Pets & Animals,15,384,6011,2006,5,2480000,181899179,225,UUDyz_T0uPt66D_b4kukhdDA
38,DontStopMeowing,Pets & Animals,15,47,912,2020,5,2410000,1542590346,751,UUSdnFL7FG3Kn8M5ZslUDRMw
39,Animal Channel,Pets & Animals,15,845,4125,2011,7,2330000,59526,9,UU40iT5AH7Sgtpx28zBiWu3w
40,Casual Geographic,Pets & Animals,15,78,827,2020,8,2300000,292345822,107,UU5Yo88QF-chdugJbAnB2tUw
41,My Mountain Husky,Pets & Animals,15,177,1700,2018,3,2260000,575270335,185,UUAI5QLNSOSzOQTYCyNA06EQ
42,OwlKitty,Pets & Animals,15,580,4608,2010,3,2250000,390480309,96,UUpLQXR116cLVUa1LRY8KS4w
43,Aquarium Info,Pets & Animals,15,447,820,2020,8,2200000,1396506236,184,UUkXVK-XrnwznaqYx0aKGAtg
44,Mister Hamster,Pets & Animals,15,84,2310,2016,7,2140000,810397258,16,UUVOBACU6Fn9REoL3uN5fWpA
45,The Tortoise Whisperer,Pets & Animals,15,58,909,2020,5,2120000,663054764,77,UULfF54KleOla21Qvp2gVvEg
46,Моя анимированная история,Pets & Animals,15,0,1343,2019,3,2110000,649855713,553,UUeeJZoYPrGdyYqI1lRoEN9A
47,Rumble Viral,Pets & Animals,15,0,3114,2014,4,1990000,1826376583,23688,UUW3T8dQVEynwj6-_DArcM7w
48,SaveAFox,Pets & Animals,15,373,4698,2009,12,1980000,588866765,1105,UUb3KY97ICfIkDJY_p6d7yig
49,Taylor Nicole Dean,Pets & Animals,15,486,2753,2015,4,1950000,219943362,146,UUaOTXKuQ-t-eTikY96B9n-Q
50,Africa Adventures,Pets & Animals,15,242,4330,2010,12,1870000,506873191,843,UU-Uh0-0dEQV8a-SPrx50zmw
51,Jacob Feder,Pets & Animals,15,306,3394,2013,7,1850000,386158561,383,UUmHktdcPGlSJ9KF2ANAwV2g
52,Zoey Doodle,Pets & Animals,15,165,1203,2019,7,1840000,683008558,99,UUOvctZ5-5q2ISR0bMA0DgIw
53,Why World,Pets & Animals,15,198,1927,2017,7,1810000,841422,9,UUM76fa7qKCNNZf8TZIhiBkQ
54,Fluff Planet,Pets & Animals,15,441,700,2020,12,1790000,338667091,201,UU_XZksH495ac-lEotSb5dpw
55,Unusual Cooking,Pets & Animals,15,801,1998,2017,5,1790000,447162663,56,UUF4iJ7HRtEPW3mugTt6V2aA
56,Happy Animals Home,Pets & Animals,15,30,537,2021,5,1770000,603881081,347,UUfP3A4Q2E2cgpk5QYXJ7mnw
57,The Hoof GP,Pets & Animals,15,436,1346,2019,3,1730000,592430654,450,UUo4S-ThBT3KDDHAMvKw2SQg
58,PawZam Dogs,Pets & Animals,15,271,1462,2018,11,1700000,193832192,151,UU0ufW3qv1DDE8ucnwK6jvTA
59,EZ's Boys,Pets & Animals,15,232,2040,2017,4,1680000,561041851,122,UULpMvM_siamqLBt5w5ICILg
60,Jackson Galaxy,Pets & Animals,15,887,4831,2009,8,1610000,125162692,489,UUheL-cUqfzUB8dfM_rFOfDQ
61,Ingrid Surprise - Educational Videos for Kids,Pets & Animals,15,0,3197,2014,2,1590000,484654655,618,UUKVXtVmnVNcgttb6Bz66H-w
62,Come and enjoy - Homura Ham,Pets & Animals,15,320,5465,2007,11,1590000,487460031,213,UUKwcMBhbzQXgSM1T3TvHmiA
63,DARKDYNASTYK9S,Pets & Animals,15,36,3996,2011,11,1580000,362152979,1388,UUI4NZjPRltnvhVrR86gZGkg
64,Real Wild,Pets & Animals,15,490,5122,2008,10,1560000,397099468,932,UUbq-4OJxnziD3awH-aTezeA
65,THE WILD ELEPHANT,Pets & Animals,15,952,4895,2009,6,1510000,495190674,424,UUggiM0lWjrh8cgaPFNyZ_Ow
66,Kitten Lady,Pets & Animals,15,163,2696,2015,6,1480000,225617436,363,UU5VvB6tmC4lu_WCx7hE0PZA
67,El Dodo,Pets & Animals,15,654,1593,2018,6,1470000,878283811,2431,UURayEAEods_IjRmsYObAtTw
68,Luke's Goldies,Pets & Animals,15,452,712,2020,11,1470000,787116590,918,UUg0_9roN7QYzFNLjVSD5Z1Q
69,Rottweiler Life,Pets & Animals,15,974,3369,2013,8,1450000,1076571664,2909,UU3UlKTENsd6xzGJkXf0tQ1A
70,Куки,Pets & Animals,15,41,3489,2013,4,1450000,125358125,46,UUZt4SDt1_vIfFT4FNGl3VnQ
71,Cole and Marmalade,Pets & Animals,15,299,5589,2007,7,1440000,426768143,400,UUvmijL-eepDVHYSJHDY3d6w
72,Thú Vui 3 Miền,Pets & Animals,15,210,1531,2018,8,1420000,714448797,574,UUoG4hHZC2PebteWDAGJFTiA
73,Right Choice Shearing,Pets & Animals,15,156,516,2021,6,1410000,873917231,154,UU2YvLBsduOMcStpJbZav-mw
74,TheMeanKitty,Pets & Animals,15,769,5253,2008,6,1410000,378329173,210,UUNT38peI5ihu_QzBSjKpWKA
75,Fish4Ever,Pets & Animals,15,199,3360,2013,8,1430000,737875798,190,UURKuzYFOx5XE56jJi9QE43Q
76,Grumpy Dogs,Pets & Animals,15,576,3859,2012,4,1400000,383687939,139,UUbHvtJxBXUzpB_iXfJLIvjA
77,Dexter's World,Pets & Animals,15,610,2154,2016,12,1400000,237199735,735,UUzV_hd9M_7UBEVrGLUJu-2Q
78,Big Cat Rescue,Pets & Animals,15,607,5927,2006,8,1380000,636813119,1298,UUcftblae5aEnraa34d1FPQg
79,Epic Wildlife,Pets & Animals,15,594,3925,2012,2,1380000,299848318,905,UU10Tc1mzoPTibXDyVXFf9fw
80,Cat Challenge,Pets & Animals,15,319,3081,2014,5,1350000,5929227,102,UUbNZY79eIh9S2tfllaMLwoA
81,Rob The Ranger Wildlife Videos,Pets & Animals,15,639,5349,2008,3,1350000,709304503,3444,UUgPYOLbcgxSBCAmlaihQyMg
82,UFO ANIMALS,Pets & Animals,15,22,2932,2014,10,1320000,5299,1,UU_GbcQ2oIdfgBPVeu3K9oAw
83,Happy Dog And Friends,Pets & Animals,15,519,1307,2019,4,1310000,312836148,25,UUZrhxr3eKkqZBRs24KBgeWg
84,MAI PM,Pets & Animals,15,0,3470,2013,5,1300000,339369,62,UUIqWFhsJm2VU1ZuGrZnx3Pw
85,Baby Monkey Animal ,Pets & Animals,15,333,2122,2017,1,1300000,696007704,405,UUKDasR7mtBEO0awPpWOBrhA
86,ojatro,Pets & Animals,15,407,5790,2006,12,1280000,955682246,1182,UUyNDOuol6OIKPImq-tmePZQ
87,Gone to the Snow Dogs,Pets & Animals,15,908,4724,2009,11,1250000,420561034,1644,UUKTaE3ie9ZyTSQnBrAUzDYg
88,The Funny Farm,Pets & Animals,15,130,2603,2015,9,1250000,77416,4,UU6vPPGqlzEyw6URP8ge0arg
89,The Fish Whisperer,Pets & Animals,15,124,4014,2011,11,1250000,513909300,510,UUya1p9Yc837fQDFz6thUQPg
90,CoralFish12g,Pets & Animals,15,405,4329,2010,12,1240000,209868827,382,UUXoCSxSbh2d5DAlA5FiyuOQ
91,Tiger FunnyWorks,Pets & Animals,15,985,3284,2013,11,1200000,657589437,611,UU9obdDRxQkmn_4YpcBMTYLw
92,Life of Sniper,Pets & Animals,15,621,2200,2016,10,1190000,381254452,115,UUC6GajVmzyLznoWXWwfmGdQ
93,KateReadsBooks,Pets & Animals,15,45,5904,2006,9,1190000,465911140,75,UUxLLFcp3BFhLkAyZ9_OQx0A
94,TIKTOKIA,Pets & Animals,15,179,785,2020,9,1200000,451981006,34,UUlDS3VVJjR40664RHvjJ0aw
95,Life Of Pets HamHam,Pets & Animals,15,364,5406,2008,1,1170000,223691925,330,UUsio7B7hCRHxzKpP6y6ajmw
96,Wild Animals Things,Pets & Animals,15,139,5490,2007,10,1170000,266367049,88,UU-Q4i_qvWqxV4l8QMbcVpvA
97,MagicPlay,Pets & Animals,15,556,2846,2015,1,1160000,25866,43,UUyOyiZZmI3cEIKuRV7twQPA
98,Funny Videos,Pets & Animals,15,938,2179,2016,11,1140000,273741148,523,UUq5hgY37WAryZCwmehDyCaQ
99,Movieclips,Film & Animation,1,601,6036,2006,4,58100000,59391266576,39647,UU3gNmTGu-TTbFPpfSs5kNkg
100,Masha and The Bear,Film & Animation,1,862,2972,2014,9,36700000,20690869047,991,UUu59yAFE8fM0sVNTipR4edw
101,Talking Tom,Film & Animation,1,521,4508,2010,7,28400000,14179423470,456,UUm3hAp1m1xlAz0ve_EKAo4g
102,Genevieve's Playhouse - Learning Videos for Kids,Film & Animation,1,546,2496,2016,1,28400000,20411968787,584,UUK5Q72Uyo73uRPk8PmM2A3w
103,Nick Jr.,Film & Animation,1,984,3692,2012,9,25700000,20991380056,4889,UUUe6ZpY6TJ0no8jI4l2iLxw
104,WB Kids,Film & Animation,1,151,2777,2015,3,23100000,9833621078,1795,UU9trsD1jCTXXtN3xIOIU8gg
105,Alan Becker,Film & Animation,1,413,5949,2006,7,20400000,4495787353,125,UUbKWv2x9t6u8yZoB3KcPtnw
106,Official Pink Panther,Film & Animation,1,614,3345,2013,9,18600000,10171686342,655,UUFeUyPY6W8qX8w2o6oSiRmw
107,Rotten Tomatoes Trailers,Film & Animation,1,517,4237,2011,4,15700000,12889218654,9794,UUi8e0iOVk1fEOogdfu4YgfA
108,LEGO,Film & Animation,1,986,6224,2005,10,15200000,19383576216,29437,UUP-Ng5SXUEt0VE-TXqRdL6g
109,Talking Tom & Friends,Film & Animation,1,899,4406,2010,10,15100000,6296242824,398,UUDCNmuaOXOo25Yn4mbMHhhQ
110,les boys tv2,Film & Animation,1,0,2098,2017,2,14600000,4524973229,448,UUErphF_9VoXQB29BVDK9_Jw
111,MSA previously My Story Animated,Film & Animation,1,139,1392,2019,1,14600000,6205779280,900,UUYzEMRKqrh01-tauv7MYyVQ
112,Wolfoo Channel,Film & Animation,1,954,1052,2019,12,12700000,3125073062,586,UUWGVQIspqW2j9M3-qLQ0HDg
113,Wolfoo Family,Film & Animation,1,976,1112,2019,10,12300000,2876953647,545,UUoL0M9swO14BT8u9pTn9MvQ
114,Jaiden Animations,Film & Animation,1,3,3184,2014,2,11500000,2155900745,102,UUGwu0nbY2wSkW8N-cghnLpA
115,The Film Theorists,Film & Animation,1,980,3100,2014,5,11400000,2339063375,368,UU3sznuotAs2ohg_U__Jzj_Q
116,Wolfoo's stories,Film & Animation,1,976,2173,2016,11,11200000,2942470296,596,UUEmm6bND-l2eyHLiKNYiY8A
117,Chotoonz TV - Funny Cartoons for Kids,Film & Animation,1,428,3293,2013,10,11100000,7085344307,1856,UU7e1XWjOlYy8XlNMeVxeKNg
118,Kênh Thiếu Nhi - BHMEDIA,Film & Animation,1,413,3107,2014,5,11100000,10142164452,9281,UU6eq3sR4CtbvGdmInchzWUA
119,Warner Bros. Pictures,Film & Animation,1,130,5864,2006,10,10700000,6376976923,2588,UUjmJDM5pRKbUlVIzDYYWb6g
120,How It Should Have Ended,Film & Animation,1,934,5725,2007,3,10400000,3182819536,437,UUHCph-_jLba_9atyCZJPLQQ
121,TopMovieClips,Film & Animation,1,562,2114,2017,1,10200000,7213516279,328,UUlVbhSLxwws-KSsPKz135bw
122,Oddbods - Official Channel,Film & Animation,1,305,3226,2014,1,9500000,6997130268,1193,UUtlth0w7_mYqpHPViMhQ99Q
123,icanrockyourworld,Film & Animation,1,432,5717,2007,3,9410000,5012951884,8,UULoKWb_rlp80mg0aSLtsUGw
124,Power Rangers Official,Film & Animation,1,625,4364,2010,11,9370000,4992373287,4129,UUpgxmlXoDtkYzRQ4cJgCT5A
125,CinemaSins,Film & Animation,1,363,3617,2012,12,9190000,3676110302,1135,UUYUQQgogVeQY8cMQamhHJcg
126,Rooster Teeth,Film & Animation,1,267,5962,2006,7,9160000,6032134491,8935,UUzH3iADRIq1IJlIXjfNgTpA
127,RocketJump,Film & Animation,1,869,6101,2006,2,9070000,2021452621,338,UUDsO-0Yo5zpJk575nKXgMVA
128,Talking Tom Heroes,Film & Animation,1,744,3162,2014,3,8410000,3135652069,292,UUwC-DciMGGk9AgpJ3hpreHw
129,Dima Kids TV,Film & Animation,1,242,2463,2016,2,8150000,1853213400,364,UUb1WBEEfA4e6FOLOKAH5j8w
130,sWooZie,Film & Animation,1,97,6114,2006,2,7740000,1409831422,398,UUUKi4zY5ETSqrKAjTBgjM-g
131,The Official Gummibär Channel,Film & Animation,1,300,5338,2008,3,7730000,6345854408,507,UUyKa1YNZLio6XfjMR7fw45Q
132,Miraculous Ladybug,Film & Animation,1,626,2245,2016,9,7470000,4408532017,993,UUWjVfZ3VnyUwBEOkuOlaU3g
133,RG Entertainment,Film & Animation,1,654,2007,2017,5,7410000,694165252,66,UUgfO009hB_847kwL6NQnn-w
134,Vivziepop,Film & Animation,1,967,3710,2012,9,7370000,844405232,231,UUzfyYtgvkx5mLy8nlLlayYg
135,Flashback FM,Film & Animation,1,339,4590,2010,4,7350000,7279232610,1596,UU-GAhNmY6bkuuRPUSaRI_oQ
136,GQ,Film & Animation,1,601,5408,2008,1,7170000,2873574031,1968,UUsEukrAd64fqA7FjwkmZ_Dw
137,PJ Masks Official,Film & Animation,1,717,2448,2016,2,7170000,3960114337,900,UUY2jUnU118sVkdj2xafiJ0g
138,Pixar,Film & Animation,1,555,5892,2006,9,6850000,3528381648,771,UU_IRYSp4auq7hKLvziWVH6w
139,Screen Junkies,Film & Animation,1,278,5147,2008,10,6810000,2826332602,1218,UUOpcACMWblDls9Z6GERVi1A
140,Latest Cinema,Film & Animation,1,113,1978,2017,6,6730000,16360,16,UUJBNcyk3OuSKywJ9wWrdnCw
141,BigSchool,Film & Animation,1,106,1181,2019,8,6640000,2857881091,419,UU-Diq5SjWZDol8C0_E_1Y7A
142,Mickey Mouse,Film & Animation,1,192,5352,2008,3,6600000,4856251389,273,UU5K8SEF_7GQBedXIjtXLCRg
143,Bongo BD,Film & Animation,1,975,2995,2014,8,6580000,879628595,891,UU9nuJbEL-AMJLLqc2-ej8xQ
144,DC Kids,Film & Animation,1,170,2796,2015,3,6520000,6092103167,1798,UUyu8StPfZWapR6rfW_JgqcA
145,Adult Swim,Film & Animation,1,253,6092,2006,3,6510000,3616563758,7175,UUgPClNr5VSYC3syrDUIlzLw
146,Upin & Ipin,Film & Animation,1,162,2757,2015,4,6400000,2531969695,825,UUdYiU1goqL5cs15FB30zjBw
147,WildBrain Bananas,Film & Animation,1,461,2832,2015,2,6220000,2701097262,3736,UUWE_ywN-0aeFdGVpLQ6mIwg
148,Robocar POLI TV,Film & Animation,1,637,3608,2012,12,6220000,5123060819,2281,UUr-rCvgg21KqfrnGopaQeGw
149,SuperSofi,Film & Animation,1,102,2411,2016,3,6160000,1557473887,150,UU0UecwriAVVm0gyyEFpakDQ
150,Kedoo Toons TV - Funny Animations for Kids,Film & Animation,1,904,5730,2007,2,6070000,2839748019,948,UUniI-BQk7qAtXNmmz40LSdg
151,FilmPop,Film & Animation,1,224,5818,2006,12,6090000,2973486271,102,UUwv1UIJrDfK3ea5MD57MF4g
152,CGMeetup,Film & Animation,1,945,4315,2011,1,6000000,2421995432,1284,UUrSvhrtUgpZT3EU0x1Zoy-w
153,Arts and Crafts For Toddlers!,Film & Animation,1,444,3795,2012,6,5970000,38263807,657,UUKjjmMqvuxNYw8c6knceexQ
154,Wolfoo and Friends - Official Channel,Film & Animation,1,922,2065,2017,3,5930000,843418777,350,UUSNRhMeczKQe9ILiMZmyvFQ
155,OSR Digital,Film & Animation,1,925,2910,2014,11,5940000,2738099932,3437,UUxCoea3ulOukfXiYAm87ZIA
156,Dead Meat,Film & Animation,1,299,2129,2017,1,5890000,2313993308,801,UU2IYWWifoIht9T47z1Z5lJw
157,VMAni Channel,Film & Animation,1,285,4931,2009,5,5750000,1334783550,260,UUZYDtupPoo-kFwR_oLT62jg
158,GRAND MUSIC,Film & Animation,1,3,1575,2018,7,5710000,2657148101,293,UUO_YtwFEtYcOAcFdSccrwSw
159,七不哒哒,Film & Animation,1,17,4107,2011,8,5560000,637326044,1119,UUIQhxw3LvB6S-EAjSwSYAuA
160,MondoMedia,Film & Animation,1,559,5767,2007,1,5550000,3527753639,1506,UUxLpKibphYqXrXpxAnR8MfA
161,WOA MineCraft,Film & Animation,1,780,5405,2008,1,5490000,988012,270,UUgVHGvujcrBaXP8vUJ_SzIw
162,Walt Disney Animation Studios,Film & Animation,1,42,5339,2008,3,5480000,3419313581,488,UU_976xMxPgzIa290Hqtk-9g
163,Lion Family English,Film & Animation,1,0,1609,2018,6,5440000,1617990342,2406,UUjNea6tkE7f0WHR50iNPf5A
164,KCN Channel TV2,Film & Animation,1,279,5371,2008,2,5420000,2710241,19,UUo75zHSLMD5nac5xirUeqhw
165,FRESH Movie Trailers,Film & Animation,1,90,4150,2011,6,5380000,3427937675,5399,UUzNWVDZQ55bjq8uILZ7_wyQ
166,Jonni Valentayn,Film & Animation,1,530,3101,2014,5,5320000,2929759267,230,UUTwTF-woRHsXsmk4m798BkA
167,CrazyDek,Film & Animation,1,22,2823,2015,2,5260000,1448882701,193,UUM5RqT3BGzIwOe8_sZa6Qlg
168,Oddbods & Friends,Film & Animation,1,620,1857,2017,10,5190000,1967306082,776,UUOlSkLGHRG-Xg_S4Tit9sWw
169,FilmSpot Trailer,Film & Animation,1,848,2470,2016,2,5130000,2599413032,2918,UUWOSgEKGpS5C026lY4Y4KGw
170,The Official Pokémon YouTube channel,Film & Animation,1,274,6260,2005,9,5040000,1649252393,2072,UUFctpiB_Hnlk3ejWfHqSm6Q
171,Spookiz - Cartoons for Everyone,Film & Animation,1,379,3172,2014,3,5030000,2612586969,1221,UUGRODP7wtTU_uyNZmu9cb7g
172,Eagle Movies,Film & Animation,1,0,1900,2017,8,5020000,1571984407,4648,UULDS1FG04qGol-dl-JGoqJg
173,Haha Animations - Minecraft Monster School,Film & Animation,1,355,1364,2019,2,4990000,1751613152,200,UUeBK_I4PIMjMxQe6zPSbibw
174,Rotten Tomatoes Family,Film & Animation,1,262,4236,2011,4,4860000,4061590266,1529,UUx554p1Bu_Mp1q0H_bEtZ1Q
175,BestClips,Film & Animation,1,499,2047,2017,3,4760000,2028853326,153,UU8BQGqcCSFq6RC9feEGUGFA
176,Crunchyroll Collection,Film & Animation,1,227,4924,2009,5,4670000,4989539107,10215,UU6pGDc4bFGD1_36IKv3FnYg
177,sami And amira,Film & Animation,1,0,1426,2018,12,4650000,1480029521,171,UU2E2tvdecC_C--97tZiN7PQ
178,Dekja,Film & Animation,1,252,2505,2015,12,4630000,2198756111,1557,UUZrnmK_rH5hKsNjb2mABBhw
179,Lexi Hensler,Film & Animation,1,0,3282,2013,11,4630000,662329064,180,UU-O9o5coq8iFSVthivq__tw
180,Zig & Sharko TV - Cartoon for kids,Film & Animation,1,750,1081,2019,11,4610000,2195591535,1021,UUK8bPFkXVfr_czCIEmZ8zYQ
181,My Little Pony Official,Film & Animation,1,242,3422,2013,6,4590000,4951803395,1589,UU9qgVkKRZUXcgHdf35Z-8dw
182,20th Century Studios,Film & Animation,1,729,5960,2006,7,4530000,2723024243,2466,UU2-BeLxzUBSs0uSrmzWhJuQ
183,GameToons,Film & Animation,1,79,963,2020,3,4530000,1476465318,238,UUToxKVrkEuAONR4rFIJ_DyQ
184,Andymation,Film & Animation,1,451,6102,2006,2,4520000,828555887,122,UUJbg_yirB5vm9VKn5yLGCKw
185,storybooth,Film & Animation,1,605,2775,2015,4,4520000,1809175121,270,UUWENB1OaGA9402PKzEVl0ow
186,ZAMination,Film & Animation,1,378,2778,2015,3,4460000,1427803279,238,UUI_hjK53AIDlpB-Rpr1WnwQ
187,Teen-Z,Film & Animation,1,713,1090,2019,11,4410000,1318124751,284,UUgJMDt2yFAtWAKOIqwihLlw
188,TheCGBros,Film & Animation,1,854,4096,2011,8,4390000,1616329559,4941,UU-1rx8j9Ggp8mp4uD0ZdEIA
189,ONE Media,Film & Animation,1,323,5932,2006,8,4300000,4342990315,5986,UUzcRQ3vRNr6fJ1A9rqFn7QA
190,CartoonHooligans,Film & Animation,1,54,3245,2013,12,4290000,1342081168,142,UU2PaSHNwAi0zxf_jM_Atsqg
191,Dancing Daugthers ,Film & Animation,1,398,4838,2009,8,4290000,279162576,281,UU2LOY_zd1ZAc1kZPyzoqhMQ
192,Walt Disney Studios,Film & Animation,1,600,5101,2008,11,4290000,1826864901,1351,UUuaFvcY4MhZY3U43mMt1dYQ
193,Kimer Lorens,Film & Animation,1,488,2061,2017,3,4250000,2238657418,133,UUyiKdqreDmEBJEN0cDG5OxA
194,Booba – Cartoon for Kids,Film & Animation,1,766,3012,2014,8,4190000,2711499242,677,UUKS1HX4moHCcDBZnM9k4giw
195,Alex Clark,Film & Animation,1,173,4722,2009,12,4170000,467503036,346,UUsDmESjqNPukDmVnuneLrqw
196,TooBizz,Film & Animation,1,78,1994,2017,5,4150000,703270191,456,UULPU7F__k7c2JK0nzUcOVNw
197,PES,Film & Animation,1,998,5450,2007,12,4120000,1366402567,87,UUXN7NMwjjQpBHxzMwOPYzjQ
198,FUNNY ANIMALS,Film & Animation,1,113,2517,2015,12,4110000,707974548,450,UU_ghLCBI7Si-GzClJ7xJqrQ
199,Marshmello,Music,10,37,2771,2015,4,56000000,13777338854,403,UUEdvpU2pFRCVqU6yIPyTpMQ
200,EminemMusic,Music,10,420,5749,2007,2,54000000,24581630892,140,UUfM3zsQsOnfWNUppiycmBuw
201,Ariana Grande,Music,10,38,5767,2007,1,52000000,22628662604,146,UU9CoOnJkIBMdeijd9qYoT_g
202,LooLoo Kids - Nursery Rhymes and Children's Songs,Music,10,961,3015,2014,8,51200000,30056994292,578,UU4NALVCmcmL5ntpV0thoH6w
203,Taylor Swift,Music,10,25,5891,2006,9,49400000,26704567232,196,UUqECaJ8Gagnn7YCbPEzWH6g
204,Billie Eilish,Music,10,0,3560,2013,2,47000000,12463587429,49,UUiGm_E4ZwYSHV3bcW1pnSeQ
205,SonyMusicIndiaVEVO,Music,10,91,4813,2009,9,43900000,25052930405,3344,UU3MLnJtqc_phABBriLRhtgQ
206,Katy Perry,Music,10,26,5271,2008,6,43500000,24349447685,119,UUYvmuw-JtVrTZQ-7Y4kd63Q
207,XXXTENTACION,Music,10,267,2693,2015,6,38100000,9959037928,128,UUM9r1xn6s30OnlJWb-jc3Sw
208,Daddy Yankee,Music,10,545,4192,2011,5,37200000,21172322296,455,UU9TO_oo4c_LrOiKNaY6aysA
209,Maroon 5,Music,10,100,6086,2006,3,36300000,21296913797,163,UUBVjMGOIkavEAhyqpxJ73Dw
210,Bruno Mars,Music,10,979,5892,2006,9,35700000,17920873700,97,UUoUM-UJ7rirJYP8CQ0EIaHA
211,JustinBieberVEVO,Music,10,0,4789,2009,9,31700000,25664507577,204,UUHkj014U2CQ2Nv0UZeYpE_A
212,Selena Gomez,Music,10,38,5385,2008,2,31700000,11889799221,188,UUPNxhDvTcytIdvwXWAm43cA
213,DisneyMusicVEVO,Music,10,797,4553,2010,5,30700000,25774079982,1843,UUgwv23FVv3lqh567yagXfNg
214,Trap Nation,Music,10,281,3696,2012,9,30500000,13609159610,2546,UUa10nxShhzNrCE1o2ZOPztg
215,ImagineDragons,Music,10,54,4843,2009,8,29300000,15034392227,82,UUT9zcQNlyht7fRlcjmflRSA
216,Maluma,Music,10,0,1689,2018,3,28900000,20060522355,21,UUlZuKq2m0Qu-HkopkSBLpEw
217,Ultra Records,Music,10,499,5857,2006,10,28900000,16469294062,4717,UU4rasfm9J-X4jNl9SvXp8xA
218,Drake,Music,10,0,4902,2009,6,27200000,13526602122,55,UUByOQJjav0CUDwxCk-jVNRQ
219,Wiz Khalifa,Music,10,74,5294,2008,5,26700000,12759927281,601,UUVp3nfGRxmMadNDuVbJSk8A
220,Michael Jackson,Music,10,110,6346,2005,6,26600000,13064579946,8,UU5OrDvL9DscpcAstz7JnQGA
221,WORLDSTARHIPHOP,Music,10,834,5111,2008,11,26100000,19695428698,6524,UU-yXuc1__OzjwpsJPlxYUCQ
222,TaylorSwiftVEVO,Music,10,82,4926,2009,5,25800000,23852939655,261,UUANLZYMidaCbLQFWXBC95Jg
223,Beyoncé,Music,10,29,6208,2005,11,25300000,16199114327,233,UUuHzBCaKmtaLcRAOoazhCPA
224,RihannaVEVO,Music,10,82,4926,2009,5,25100000,18419140605,116,UU2xskkQVFEpLcGFnNSLQY0A
225,Nicki Minaj,Music,10,75,3357,2013,8,24900000,9645017029,39,UU3jOd7GUMhpgJRBhiLzuLsg
226,EminemVEVO,Music,10,81,4926,2009,5,24900000,19219152546,104,UU20vb-R_px4CguHzzBPhoyQ
227,KatyPerryVEVO,Music,10,85,4711,2009,12,24800000,22957673309,172,UU-8Q-hLdECwQmaWNwXitYDw
228,Post Malone,Music,10,60,3979,2011,12,24600000,13019045020,62,UUeLHszkByNZtPKcaVXOCOQQ
229,David Guetta,Music,10,223,4713,2009,12,24600000,16368802787,660,UU1l7wYrva1qCH-wgqcHaaRg
230,Chris Brown,Music,10,951,5800,2006,12,24100000,14187761476,23,UUcYrdFJF7hmPXRNaWdrko4w
231,DJ Snake,Music,10,300,5156,2008,9,23700000,7865781088,213,UU_x8HoD18XJkILQBreVENUQ
232,Enrique Iglesias,Music,10,999,5687,2007,4,23200000,16730716848,426,UU-6czyMkxDi8E8akPl0c7_w
233,The Chainsmokers,Music,10,0,3697,2012,9,22400000,13548537216,155,UUq3Ci-h945sbEYXpVlw7rJg
234,Lady Gaga,Music,10,138,5288,2008,5,22200000,14302080393,172,UUNL1ZadSjHpjm4q9j2sVtOA
235,Sia,Music,10,63,5466,2007,11,22000000,12478414773,149,UUN9HPn2fq-NL8M5_kp4RWZQ
236,Charlie Puth,Music,10,0,4806,2009,9,21300000,9014335924,143,UUwppdrjsBPAZg5_cUwQjfMQ
237,Kids TV - Nursery Rhymes And Baby Songs,Music,10,782,3355,2013,8,20800000,12163513607,3533,UU7Pq3Ko42YpkCB_Q4E981jw
238,Becky G,Music,10,606,4079,2011,9,20700000,9839890599,73,UUgtNC51EUSgcZ6kKyVoPxKA
239,Tekashi 6ix9ine,Music,10,40,1675,2018,4,20500000,5428031649,25,UUF6jRAgCbSanHolKt0Vt6Qw
240,Skrillex,Music,10,976,4597,2010,4,20000000,6379800050,180,UU_TVqp_SyG6j5hG-xVRy95A
241,Vevo,Music,10,82,6050,2006,4,20000000,550318902,1532,UU2pmfLm7iq6Ov1UwYrWYkZA
242,Romeo Santos,Music,10,79,6239,2005,10,19900000,15499539428,51,UUyxbZF7_PK4nLiexj0kkCNg
243,Pentatonix,Music,10,997,4075,2011,9,19800000,5757024504,229,UUmv1CLT6ZcFdTJMHxaR9XeA
244,Linkin Park,Music,10,0,5822,2006,11,19500000,12145927061,592,UUZU9T1ceaOgwfLRq7OKFU4Q
245,shakiraVEVO,Music,10,82,4813,2009,9,18400000,22942364922,191,UUGnjeahCJW1AF34HBmQTJ-Q
246,Farruko,Music,10,475,4755,2009,10,18200000,8791004390,197,UUqFhfan_P2AmGVB1X2B-3Aw
247,ArianaGrandeVevo,Music,10,66,4399,2010,10,17800000,19294094196,177,UU0VOyT2OCBKdQhF3BAbZ-1g
248,Demi Lovato,Music,10,1,5394,2008,1,17800000,6615168004,302,UUZkURf9tDolFOeuw_4RD7XQ
249,Lele Pons,Music,10,33,2605,2015,9,17700000,5000955012,154,UUi9cDo6239RAzPpBZO9y5SA
250,Sebastián Yatra,Music,10,64,3508,2013,3,17600000,9651917519,214,UUssFxr-IdIa-wpG3jUXYrmw
251,7clouds,Music,10,520,3452,2013,5,17400000,12373685267,2061,UUNqFDjYTexJDET3rPDrmJKg
252,LuisFonsiVEVO,Music,10,102,4926,2009,5,17100000,14133979692,96,UULp8RBhQHu9wSsq62j_Md6A
253,Jason Derulo,Music,10,262,5221,2008,7,17000000,8979887149,483,UUe3yZzUwpmy2eKKmF9svX0Q
254,SonyMusicSouthVEVO,Music,10,311,3037,2014,7,16900000,15857565660,4357,UUTNtRdBAiZtHP9w7JinzfUg
255,Miley Cyrus,Music,10,33,4800,2009,9,16300000,6394607418,124,UUn7dB9UMTBDjKtEKBy_XISw
256,Boyce Avenue,Music,10,958,5544,2007,9,16100000,6327870940,444,UUgc00bfF_PvO_2AvqJZHXFg
257,Jennifer Lopez,Music,10,43,6197,2005,11,15900000,9699099884,225,UUr8RjWUQ_9KYcIPmWiqBroQ
258,Pitbull,Music,10,235,5968,2006,7,15900000,11719401273,321,UUv8nzwVPQDRjkPCkEsOdEwA
259,DopeLyrics,Music,10,556,2341,2016,6,15900000,9858258770,1971,UUvR2R7j218tzejtTsb_X6Rw
260,zayn,Music,10,24,2476,2016,1,15100000,4644146898,14,UU3PdiRW5dUA4V70ueeR1eHA
261,Major Lazer Official,Music,10,333,4938,2009,4,14700000,9013928224,414,UUMJ5Qf3sOvQpcYiai1Noa3Q
262,Maroon5VEVO,Music,10,83,4926,2009,5,14600000,19219050618,143,UUN1hnUccO4FD5WfM7ithXaw
263,MattyBRaps,Music,10,237,4542,2010,5,14600000,3331862598,180,UUmdY1pHB-KbFYxOyhwjVeQw
264,SelenaGomezVEVO,Music,10,87,4730,2009,11,14500000,10555787801,185,UUjK8ORC71kwyj1DWFwril_A
265,Fifth Harmony,Music,10,66,3545,2013,2,14400000,7631623134,67,UUMtpmPs9end-dTNwVq16g4Q
266,MalumaVEVO,Music,10,98,4162,2011,6,14100000,18199936767,177,UUFkoPRmuxqr37jvGmmpzhzQ
267,50 Cent,Music,10,144,5750,2007,2,14000000,9034497590,417,UU8zJedg1f4sKnyuHWeS6vyw
268,melanie martinez,Music,10,1000,5482,2007,11,14000000,3944968148,96,UU2YnEq5Fc5_zEO6bo0oNzCQ
269,Lindsey Stirling,Music,10,353,5649,2007,5,13400000,3593834506,185,UUyC_4jvPzLiSkJkLIkA7B8g
270,Atlantic Records,Music,10,982,5805,2006,12,13400000,11922932891,1472,UUe4LM_eKc9ywRmVuBm5pjQg
271,Conor Maynard,Music,10,459,6015,2006,5,13200000,2631888529,283,UUpmD3iT-8TQzRuygIiS9bAw
272,twenty one pilots,Music,10,195,4810,2009,9,13000000,4807013427,175,UUBQZwaNPFfJ1gZ1fLZpAEGw
273,EnriqueIglesiasVEVO,Music,10,934,4926,2009,5,12900000,14845194982,136,UUVttQE6tS_agDSAU61Q65aA
274,BeyoncéVEVO,Music,10,0,4813,2009,9,12800000,13444105348,169,UU9zX2xZIJ4cnwRsgBpHGvMg
275,NickiMinajAtVEVO,Music,10,86,4602,2010,4,12700000,8522925659,98,UUaum3Yzdl3TbBt8YUeUGZLQ
276,Meghan Trainor,Music,10,977,5268,2008,6,12600000,7464359963,109,UUkXgEcpoTE4tHsebYBouWpA
277,Lana Del Rey,Music,10,157,4203,2011,5,12500000,5953581670,40,UUqk3CdGN_j8IR9z4uBbVPSg
278,Future,Music,10,520,4010,2011,11,12300000,9074608456,48,UUSDvKdIQOwTfcyOimSi9oYA
279,Migos ATL,Music,10,113,3946,2012,1,12200000,6525582848,100,UU9YcTIQuhwgoOQqYMKYqW9A
280,Avril Lavigne,Music,10,70,6238,2005,10,12000000,5789142510,156,UU_k8KFBzEf0uQ8LRFSAgSUA
281,ChrisBrownVEVO,Music,10,86,4770,2009,10,12000000,12876799500,293,UUm1dsgJNnhaLkY3uAdqN4mA
282,Akon,Music,10,902,6210,2005,11,12000000,5565084896,37,UU6IBMCQ6-d7p41KHxOsq4RA
283,YoungBoy Never Broke Again,Music,10,274,2863,2015,1,11900000,11672442288,561,UUlW4jraMKz6Qj69lJf-tODA
284,Luan Santana,Music,10,0,4989,2009,3,11900000,5167576495,377,UU6rwiIxv0w2fbmmr66wl1rA
285,Natti Natasha,Music,10,275,2787,2015,3,11900000,7488286964,141,UUu59H8LNti6mwvcGRMge5PA
286,CNCO,Music,10,1000,2523,2015,12,11800000,6989099998,183,UUqtHOqxV71OQ-fmLdI8rBYw
287,CalvinHarrisVEVO,Music,10,88,4770,2009,10,11800000,13813926174,174,UUaHNFIob5Ixv74f5on3lvIw
288,Black Eyed Peas,Music,10,140,5746,2007,2,11700000,9848402519,54,UUBFaOy1_APEXEyA6Gws_Y1g
289,P!NK,Music,10,0,5800,2006,12,11700000,7391750069,16,UUE5yTn9ljzSnC_oMp9Jnckg
290,Halsey,Music,10,156,3143,2014,3,11600000,4549885748,52,UUOCgB3xd-B-1qAm-hR9OLrA
291,Biper y sus Amigos,Music,10,418,3958,2012,1,11500000,5102194009,131,UUYslmQ8uJYORVagKOtejwAQ
292,Lil Wayne,Music,10,200,3555,2013,2,11500000,5557199078,255,UUO9zJy7HWrIS3ojB4Lr7Yqw
293,Kendrick Lamar,Music,10,0,1532,2018,8,11400000,5039144305,20,UU3lBXcrKFnFAFkfVk5WuKcQ
294,Genius,Music,10,316,4036,2011,10,11200000,2957870803,2835,UUyFZMEnm1il5Wv3a6tPscbA
295,Doja Cat,Music,10,992,1549,2018,8,11200000,5818971458,25,UUzpl23pGTHVYqvKsgY0A-_w
296,ChainsmokersVEVO,Music,10,92,3667,2012,10,11100000,11567226716,246,UURzzwLpLiUNIs6YOPe33eMg
297,Tyga,Music,10,34,4875,2009,7,11100000,5361391598,160,UU-Eh1lR_tWVtv9AvxLybMtQ
298,DemiLovatoVEVO,Music,10,97,4926,2009,5,11100000,5612837227,228,UUnyB9MYKRkSFK3IIB32CoVw
299,WWE,Sports,17,434,5658,2007,5,91700000,72262173637,64874,UUJ5v_MCY6GNUBTO8-D3XoAg
300,Dude Perfect,Sports,17,90,4982,2009,3,58400000,15060704037,305,UURijo3ddMTht_IHyNSNXpNQ
301,NBA,Sports,17,589,6194,2005,11,19400000,11091953360,43010,UUWJ2lWNubArHWmf3FIHbfcQ
302,UFC - Ultimate Fighting Championship,Sports,17,629,6091,2006,3,14500000,5800840495,12825,UUvgfXK4nTYKudb0rFR6noLA
303,DALLMYD,Sports,17,811,4296,2011,2,13000000,1747589014,388,UUI4fHQkguBNW3SwTqmehzjw
304,DemolitionRanch,Sports,17,29,4325,2011,1,11100000,2204239377,583,UUBvc7pmUp9wiZIFOXEp1sCg
305,GoPro,Sports,17,201,4988,2009,3,10600000,3164221690,2422,UUqhnX4jA0A5paNd1v-zEysw
306,NFL,Sports,17,223,2884,2014,12,10100000,7389354664,27009,UUDVYQ4Zhbm3S2dlz7P1GBDg
307,ESPN,Sports,17,219,6215,2005,10,8770000,9181801246,59373,UUiWLfSweyRNmLpgEHekhoAg
308,Jesser,Sports,17,119,3772,2012,7,8720000,2024537488,1126,UUQIUhhcmXsu6cN6n3y9-Pww
309,SportsNation,Sports,17,93,4879,2009,6,8300000,11385852260,2906,UUQZi2YXSxc6BSK4mZHql8ag
310,THENX,Sports,17,37,3561,2013,2,7520000,586416837,366,UUqjwF8rxRsotnojGl4gM0Zw
311,That's Amazing Shorts,Sports,17,54,645,2021,1,7400000,3614879215,161,UUhfTcl5XfdTUCjkfuro982Q
312,hickok45,Sports,17,826,5783,2007,1,7080000,2061517130,2431,UUvB3solmhqtgDeLpD-yTtfg
313,House of Highlights,Sports,17,87,1748,2018,1,6400000,7221832123,26763,UUqQo7ewe87aYAe7ub5UqXMw
314,Chris Smoove,Sports,17,92,6075,2006,3,5110000,3544436445,9782,UUnzbVkknmqhRqUKg7RDTDeg
315,Parkour,Sports,17,82,1830,2017,11,5100000,850020991,349,UUMTME4Wi2KuObb5dA8763jg
316,WORKOUT,Sports,17,718,4149,2011,6,4880000,349072459,809,UU7t6QJ4u8qF8pI-vibX-BUQ
317,FlightReacts,Sports,17,25,2604,2015,9,4830000,358501404,798,UU_k0qgMNIW2VmTQKjFsbXDw
318,That's Amazing,Sports,17,317,3830,2012,5,4660000,1359431560,125,UUSlyP9TyhaqjucGL5sdpQGg
319,IMPACT Wrestling,Sports,17,874,6100,2006,2,4510000,2148315203,3364,UUOp8wkVqdrWbFYHjDv946QQ
320,Omar Raja - ESPN,Sports,17,139,5732,2007,2,4300000,6728417926,1256,UUx18ywTcohtS9lpNXt8noWQ
321,BlacktipH,Sports,17,428,5356,2008,3,4150000,1623211015,596,UUL0L7RQ8mrO10OLRlWPoq6A
322,ATHLEAN-X Español,Sports,17,207,2620,2015,9,4120000,453626505,446,UUAR76PvwLHcHqnbqFIos_Xg
323,MLB,Sports,17,0,6160,2005,12,4020000,3507132067,286706,UUoLrcjPV5PbUrUyXq5mjc_A
324,Ballislife,Sports,17,647,5702,2007,3,3580000,1295152816,2648,UU_zgOsTPdML6tol9hLYh4fQ
325,iFutGol,Sports,17,239,2513,2015,12,3560000,902870258,166,UU8Cnju7jUexz961DN_MkJIw
326,Beyond Wrestling,Sports,17,73,5051,2009,1,3510000,1123643288,2502,UUy91SdPgEDZnCHHm5ag32yQ
327,Workout 4D,Sports,17,155,1873,2017,9,3500000,246909493,587,UU8-9mdGBP5dtxEKJM2E9bHA
328,All Elite Wrestling,Sports,17,996,1475,2018,10,3440000,1421173469,3830,UUFN4JkGP_bVhAdBsoV9xftA
329,TKHD,Sports,17,5,1912,2017,8,3410000,1312444025,75,UUSpvzqzfRAJGAWcuYjxWRbw
330,Shoaib Akhtar,Sports,17,565,1377,2019,1,3380000,325848623,398,UUeWqACGRU5gT0BXeFhrixWA
331,Muscle Madness,Sports,17,228,2604,2015,9,3280000,856679879,492,UUlFbb1ouXVZzjMB9Yha5nAQ
332,XHIT Daily,Sports,17,325,3753,2012,7,3240000,537015183,694,UUM1Nde-9eorUhq-teaWlgUA
333,Sports Central,Sports,17,501,1888,2017,9,3220000,1523157251,10824,UU-fzWbU1zavz77kP1gPPdSg
334,Deny Montana,Sports,17,270,4866,2009,7,3210000,1171962146,496,UUzmO2w9-4d0-YyT_JlDDM1A
335,Jiggin' With Jordan,Sports,17,273,3435,2013,6,3150000,405666587,632,UUlqx4vYPFEKZD-i6VcL3qsw
336,Soccer Stories - Oh My Goal,Sports,17,483,4428,2010,9,3130000,1030607524,2373,UUoNoB5_bbbmvVrlOoePltSA
337,Monster Energy,Sports,17,617,6073,2006,3,3100000,553372215,983,UUg1uYO329KcAEN-PQdoQMKQ
338,fightTIPS,Sports,17,675,5455,2007,11,3070000,370287527,1146,UUlKgO_YP3pcIVeav2g_k6hw
339,Global Cycling Network,Sports,17,638,3775,2012,7,3020000,1027412307,4356,UUuTaETsuCOkJ0H_GAztWt0Q
340,ThrasherMagazine,Sports,17,24,5879,2006,10,2990000,945345428,6043,UUt16NSYjauKclK67LCXvQyA
341,DAZN Boxing,Sports,17,288,1622,2018,5,2970000,1227757681,3584,UUurvRE5fGcdUgCYWgh-BDsg
342,T Sports,Sports,17,146,765,2020,10,2930000,416039728,6531,UU2t9imwIR7xlDfma3CmRKJQ
343,Bleacher Report,Sports,17,164,5532,2007,9,2860000,1850537726,8330,UU9-OpMMVoNP5o10_Iyq7Ndw
344,Whistle,Sports,17,557,5899,2006,9,2780000,1374402518,1780,UUZFhj_r-MjoPCFVUo3E1ZRg
345,STREETBEEFS,Sports,17,764,5336,2008,3,2780000,672604002,2533,UUCA9jYYLcoteMaqynrIAylA
346,JackieMT,Sports,17,90,2477,2016,1,2740000,910791923,86,UUtk1Yv__Jcsw2NWbmZcCqsA
347,Dylan Anderson,Sports,17,40,4445,2010,9,2770000,4251942251,492,UUpuT8AlP9P9EgW_pZ0_xInQ
348,Hyperloop,Sports,17,755,2009,2017,5,2730000,889158721,175,UUGvF47lmhFeNQvj03puADVg
349,Simeon Panda,Sports,17,804,6012,2006,5,2710000,207222405,357,UU_Ih0f1H_eyHeLLT0Tzuh8g
350,ESPN Deportes,Sports,17,188,1277,2019,5,2710000,1700499883,22310,UU08mnbiC4FykqpHqbEWgFcg
351,REBOUND,Sports,17,38,2174,2016,11,2650000,619953479,161,UUVepIJedg6BMQeSgjPY4e6A
352,SV2,Sports,17,112,3803,2012,6,2600000,506453049,451,UU-mw3KFSWpZnU4wW7jRZOTw
353,Larry Wheels,Sports,17,162,3363,2013,8,2570000,772026766,790,UUeU05pwtEAreeF81saVb9XQ
354,NBC Sports,Sports,17,790,3925,2012,2,2570000,1843950635,19758,UUqZQlzSHbVJrwrn5XvzrzcA
355,World Street Fight Championship,Sports,17,103,4153,2011,6,2540000,1186676635,4006,UU6uVHEgl379D_2a1kq0s6Kw
356,Kristopher London,Sports,17,109,3740,2012,8,2530000,388144775,738,UUUJ0Qif41Vfwds2Q_k6HO2g
357,AllAttack,Sports,17,117,2932,2014,10,2510000,209674191,194,UU0Ik25PHaiHCbfGrzu-lBFQ
358,Berm Peak,Sports,17,435,2837,2015,1,2480000,644660876,444,UUu8YylsPiu9XfaQC74Hr_Gw
359,That's why MMA!,Sports,17,169,1381,2019,1,2400000,1024365363,704,UU3MKthObYINWXgPuNbjpsmQ
360,Skip and Shannon: UNDISPUTED,Sports,17,285,2272,2016,8,2380000,2032480917,6787,UULXzq85ijg2LwJWFrz4pkmw
361,That'll Work,Sports,17,809,1392,2019,1,2380000,1188370913,184,UUja3KvshI_GvYMf9XjIwF4g
362,Overtime,Sports,17,495,2159,2016,12,2350000,654515772,1555,UUPHKMJbis1c0R7d7WJQ35tA
363,Guru Mann Fitness,Sports,17,896,2528,2015,12,2350000,161745517,411,UUGMOauU8dOd4mv2bT3Tx57w
364,Đỗ Kim Phúc - Freestyle Football,Sports,17,821,2201,2016,10,2330000,850428072,988,UUFF85Rdo1MqYCFxfmByBOdw
365,MMG,Sports,17,28,2859,2015,1,2320000,997021284,2085,UUaYxyR9mzVlTrOOyZD0XAmA
366,ufcespanol,Sports,17,722,4309,2011,1,2320000,293019864,5210,UUYXJFtx4SUkrb2p_8mhLPzQ
367,ILoveBasketballTV,Sports,17,266,3810,2012,6,2250000,38970935,419,UUgP1mu1UXba9r2owhCHo--g
368,Brodie Smith,Sports,17,192,5767,2007,1,2200000,389776900,448,UUixstNkzkK0aUzo6N9OVl6Q
369,JxmyHighroller,Sports,17,201,5462,2007,11,2170000,359469088,168,UU3L9XPe0_FGfRG-CMGtBvFg
370,ROCCOPIAZZAVLOGS,Sports,17,441,3486,2013,4,2160000,519121313,1083,UUDZE4wv5vQ5HYkADnc9FggQ
371,Thunder Freerunning,Sports,17,631,1249,2019,6,2140000,368276132,185,UUCOIESyMbbWwsR_MBuczDwA
372,2HYPE,Sports,17,30,1274,2019,5,2150000,493310611,188,UUY4AlDv6wL2qhrX29iwdqAg
373,YoBoy PIZZA,Sports,17,151,3170,2014,3,2120000,811339760,1704,UUIa6iQD0ecZols-CUuMdNAw
374,Joga Sport,Sports,17,54,2393,2016,4,2080000,532693917,172,UUQOG6dlu8hVZXHNd70vmrJA
375,GYM BODY MOTIVATION,Sports,17,431,1762,2018,1,2070000,268933455,606,UU6vkKAsph6kZuAsC5Q8MVNQ
376,Top View Viral,Sports,17,286,3303,2013,10,2040000,285762303,284,UUFTQHUTHcshtMNO9nkCecgg
377,The Pat McAfee Show,Sports,17,0,1901,2017,8,2020000,1297757307,5562,UUxcTeAKWJca6XyJ37_ZoKIQ
378,Pistolas Fritas,Sports,17,819,3529,2013,3,2010000,212438161,296,UU0XDoSl8rSdW3WiZuK9v8fA
379,Lunkers TV,Sports,17,34,2650,2015,8,2000000,355649290,1148,UUt_ePtr2GAaHMvlVo6Jnq_g
380,Houston Jones,Sports,17,880,2640,2015,8,1990000,298747056,348,UUNRW1846nhED2nBdOSAKteA
381,Jesse James West,Sports,17,355,2365,2016,5,2000000,319193802,478,UUEjIjshJ8bvvCkGNk0pkYcA
382,CliveNBAParody,Sports,17,617,3449,2013,5,1950000,1731479311,4767,UUSGkhjEMPDq0iPb0JHb_w5Q
383,HNB Media TV - Highlights & Sports,Sports,17,938,1953,2017,7,1920000,1436253124,9697,UUoh_z6QB0AGB1oxWufvbDUg
384,Global Mountain Bike Network,Sports,17,653,2923,2014,11,1910000,514934158,3043,UU_A--fhX5gea0i4UtpD99Gg
385,The Best Fighter In The World,Sports,17,0,523,2021,6,1890000,1005815792,619,UUIySS97enOIiKc5FxkVdjBw
386,ESPN FC,Sports,17,0,1615,2018,6,1860000,1505904026,14861,UU6c1z7bA__85CIWZ_jpCK-Q
387,Gym Topz,Sports,17,549,2980,2014,9,1860000,161100137,1202,UUcSpNl-Ff-ktEy-aLP1_NxA
388,Top Rank Boxing,Sports,17,152,4864,2009,7,1850000,661599949,4154,UUbzRzJNHx7ZLlJML9BjZQVQ
389,AskDoctorJo,Sports,17,987,3804,2012,6,1830000,219861898,860,UUjdxelARHGq3-3dN_neMOAQ
390,Fitwork Nation,Sports,17,110,3405,2013,7,1830000,234553221,535,UUO9LolGoqWPfwrp78IfYTmA
391,NHL,Sports,17,60,5855,2006,10,1790000,1258636845,27052,UUqFMzb-4AUf6WAIbl132QKA
392,Imparable.Tv,Sports,17,360,4247,2011,3,1790000,206581774,995,UUs73lmiI_-JXj_7mjCOiPIg
393,Kung Fu & Tai Chi Center w/ Jake Mace,Sports,17,542,5451,2007,12,1780000,202532056,1241,UUWYtZYH4kcbMm29liIOSGQQ
394,Mike Korzemba,Sports,17,120,3471,2013,5,1740000,456639088,555,UUp3dgMf1OUP2XqOpyOY2bzQ
395,RIDE Channel,Sports,17,429,4273,2011,2,1720000,492533240,4074,UUX9_Ks1MXuwXCmtt0fOFsxA
396,Nike,Sports,17,432,6087,2006,3,1710000,425407569,443,UUUFgkRb0ZHc4Rpq15VRCICA
397,Rebeca Rubio,Sports,17,138,4168,2011,6,1700000,108034269,300,UUWmjjF4PlvE_ax1O2Oq1VXA
398,BrothersOfDestruction22,Sports,17,430,3170,2014,3,1700000,76978465,679,UU065Z0TfgG7o1cT7uSPWP8A
399,ChrisFix,Autos & Vehicles,2,882,5212,2008,7,9220000,1484111652,376,UUes1EvRjcKU4sY_UEavndBw
400,Donut Media,Autos & Vehicles,2,977,2677,2015,7,7080000,1991625830,1254,UUL6JmiMXKoXS6bpP1D3bk8g
401,MotorTrend Channel,Autos & Vehicles,2,222,6084,2006,3,6750000,1481576289,2951,UUsAegdhiYLEoaFGuJFVrqFQ
402,Scotty Kilmer,Autos & Vehicles,2,248,5558,2007,8,5370000,2092007249,4402,UUuxpxCCevIlF-k-K5YU8XPA
403,Hoonigan,Autos & Vehicles,2,134,4407,2010,10,5150000,1053830357,1024,UUXlfi8sf6cKGQ8sOd0-yRuw
404,Salomundo,Autos & Vehicles,2,197,1836,2017,10,4340000,496477501,238,UUu1Al_bQJxIWJv0OjW3eFlg
405,TheStradman,Autos & Vehicles,2,324,3754,2012,7,3950000,925342302,1022,UU21Kozr_K0yDM-VjoihG9Aw
406,Adam LZ,Autos & Vehicles,2,889,3563,2013,2,3560000,905353889,1669,UUXIYLgIp6DYZHjmUUUXErmg
407,Jay Leno's Garage,Autos & Vehicles,2,499,5078,2008,12,3430000,822560205,889,UUQMELFlXQL38KPm8kM-4Adg
408,Engineering Explained,Autos & Vehicles,2,497,4153,2011,6,3340000,600854232,912,UUlqhvGmHcvWL9w3R48t9QXQ
409,1320video,Autos & Vehicles,2,363,6017,2006,5,3290000,1304865870,2384,UU0PXqiud6dbwOAk8RvslgpQ
410,DASH CAM CN,Autos & Vehicles,2,446,362,2021,11,3210000,2407657455,2681,UU3gXR8OWDAW1c8n9VWUvnGA
411,MrZygy3,Autos & Vehicles,2,917,4078,2011,9,3150000,1378559296,3504,UUw_2Hr1DJTS1Y1h9C1LbZWA
412,ILYA STREKAL,Autos & Vehicles,2,97,3584,2013,1,2980000,477656604,379,UUgQ1CeGtjCbkvslmG3zTAFA
413,Yi toystore,Autos & Vehicles,2,0,419,2021,9,2920000,1821621534,570,UUpDGTrpbKQ7wyUyrRNKnLeA
414,Westen Champlin,Autos & Vehicles,2,55,4617,2010,3,2750000,234275893,146,UUhRlaISXbl2gECFAmDzxgzg
415,DirtBike Lunatic,Autos & Vehicles,2,527,3124,2014,4,2690000,784739797,959,UUUsjtDtVf6qyxigW-30ww4w
416,Comedy Kids,Autos & Vehicles,2,84,1004,2020,2,2600000,1445497331,617,UUKKnU1JXr7kLk6GFU2ptKFg
417,YOUCAR,Autos & Vehicles,2,226,4665,2010,1,2420000,1197210070,4396,UUW2OUlFrrWiZvSsZRwOYmNg
418,Shmee150,Autos & Vehicles,2,638,5966,2006,7,2400000,986591129,4585,UUIRgR4iANHI2taJdz8hjwLw
419,Tesla,Autos & Vehicles,2,120,5812,2006,12,2290000,223815319,285,UU5WjFrtBdufl6CZojX3D8dQ
420,Hagerty,Autos & Vehicles,2,378,5666,2007,5,2260000,436544336,1251,UULgEVx4mzk3T3mzgbKG54Eg
421,Vehicle Virgins,Autos & Vehicles,2,336,3950,2012,1,2250000,653875799,1752,UUtS0JcoBgAIEjmifiip8IJg
422,Ford Motor Company,Autos & Vehicles,2,470,6213,2005,11,2220000,110725302,617,UUKA96UxTdgFBwGZMGZ-135w
423,Tavarish,Autos & Vehicles,2,128,6103,2006,2,2210000,362019237,533,UUvAhDxNNUDhi78tMXVGBUaQ
424,AMMO NYC,Autos & Vehicles,2,177,3855,2012,4,2180000,332709641,299,UUYsa8SOy3TkoxI5D17s1u-w
425,Tj Hunt,Autos & Vehicles,2,18,4729,2009,11,2130000,633965250,1723,UULQJGvzJiYGhGAGvwodRL4A
426,RoCars,Autos & Vehicles,2,834,5761,2007,1,2120000,711003896,318,UUPOhQupz3MwGSIBG0OqVnAg
427,Itsdanielmac,Autos & Vehicles,2,217,764,2020,10,2090000,1413042268,580,UUYRg9w3AfuRCKfh4JcDp8xw
428,WHAT'S INSIDE? FAMILY,Autos & Vehicles,2,447,2530,2015,12,2040000,646679174,585,UUXgoURISTjifYA7CG55xpkA
429,Kica Kids TV,Autos & Vehicles,2,513,2478,2016,1,2020000,37172,2,UUKO19yF-1mobWkq3eNFbSoQ
430,Чердак,Autos & Vehicles,2,558,3207,2014,1,2010000,221545846,206,UUWG86L4tau8SZ4jRqiVco5g
431,CAR TV,Autos & Vehicles,2,157,3084,2014,5,1920000,461893944,206,UUs_gcVRMHEx5mVXfQ7icQTg
432,THE DRIVE,Autos & Vehicles,2,203,6187,2005,11,1920000,466783220,1315,UU5rBpVgv83gYPZ593XwQUsA
433,1A Auto: Repair Tips & Secrets Only Mechanics Know,Autos & Vehicles,2,963,5648,2007,5,1910000,773983341,9183,UUVvE8kQTuZEykvMFZBVzftg
434,throtl,Autos & Vehicles,2,603,2350,2016,5,1900000,253550808,1011,UUCwfRj2zwwmPfphv4Hh9weQ
435,DIY Garage,Autos & Vehicles,2,607,2118,2017,1,1880000,310632156,26,UUoV2Qw0sL-ApYQ62k-88K1w
436,Ken Block,Autos & Vehicles,2,989,4687,2010,1,1870000,199971250,228,UUpCJ0y-_y03qPlG4zrYAAvQ
437,Royan Queen,Autos & Vehicles,2,83,1166,2019,8,1790000,71848,36,UUley5piaUzcdsaHCM6zGgHg
438,EricTheCarGuy,Autos & Vehicles,2,963,5031,2009,1,1710000,353972725,1085,UU_q-UNDJeEBSHqKzAP_8x_A
439,JackUltraMotive,Autos & Vehicles,2,352,3376,2013,8,1690000,548005347,1273,UU8K5GixLedebI8QGFEgtPKA
440,RoadPlanet,Autos & Vehicles,2,507,2493,2016,1,1650000,513832504,2703,UUbAcdB-2_-bAyTT1z4D1q9w
441,Salomondrin,Autos & Vehicles,2,319,4575,2010,4,1590000,286549771,869,UUiGMIk8oeayv91jjTgm-CIw
442,B is for Build,Autos & Vehicles,2,206,2699,2015,6,1590000,233873315,670,UUl4-WBRqWA2MlxmZorKOV7w
443,VINwiki,Autos & Vehicles,2,245,2351,2016,5,1580000,569138710,1470,UUefl-5pmhZmljwZTE2KrcdA
444,Animals Family,Autos & Vehicles,2,148,2164,2016,12,1580000,445024156,158,UUnFfsIXI4A7oCZu1MsjVdbg
445,That Racing Channel,Autos & Vehicles,2,134,4063,2011,9,1540000,497886503,1109,UUgF0OC_3MlW2KEyhhAgIQjA
446,Manny Khoshbin,Autos & Vehicles,2,304,2828,2015,2,1520000,210765969,280,UUJmo2vO5Fsj8xKGcoCmBJvg
447,Grind Hard Plumbing Co,Autos & Vehicles,2,567,1803,2017,11,1520000,235695816,312,UUivi_f1nniBzEOfKhRoN12Q
448,Bikes and Beards,Autos & Vehicles,2,453,1966,2017,6,1470000,276706415,279,UUEbCRO739v3_RDmv6_aw1QQ
449,Dobre Cars,Autos & Vehicles,2,33,1446,2018,11,1410000,115423097,89,UU7Irjups5A2nxStONM3JJmw
450,Elecktrofe2,Autos & Vehicles,2,115,4465,2010,8,1400000,378275503,912,UUEoOjGrKnnHvU0evJxO8NWA
451,Machinery Trucks,Autos & Vehicles,2,169,1244,2019,6,1390000,1703436843,2146,UUCgEl5_RBcOx0rZ6tlH0Kgg
452,Rich Rebuilds,Autos & Vehicles,2,200,3224,2014,1,1370000,173968608,356,UUfV0_wbjG8KJADuZT2ct4SA
453,Vice Grip Garage,Autos & Vehicles,2,415,5446,2007,12,1360000,310068764,292,UUsfu-jdkX2_v2t3_igVQebg
454,POWERNATION,Autos & Vehicles,2,411,3441,2013,6,1340000,311543415,2711,UUQxdMMwjFXLcPQ65M-8MByg
455,Thansis1997,Autos & Vehicles,2,970,4441,2010,9,1320000,116378735,47,UU3QR34uMm1pxfkZyUMeLhXw
456,Saabkyle04,Autos & Vehicles,2,61,5583,2007,7,1300000,748820718,2221,UU2dBZuI6gS-jv7PCIDXkXag
457,Matt's Off Road Recovery,Autos & Vehicles,2,419,1319,2019,3,1300000,471342659,521,UUwdVOry0oNF9WIe_3uCfz9Q
458,Stauffer Garage,Autos & Vehicles,2,468,3159,2014,3,1290000,197093952,245,UU6f1N1Cg__5Ex0aWBUZeYGg
459,Cars Garage,Autos & Vehicles,2,362,3390,2013,7,1290000,477232613,2023,UUgV6iVN6IdBvGXD3tqoUmKA
460,JR Garage,Autos & Vehicles,2,997,2455,2016,2,1280000,147245096,435,UUeTagg7gemi1jhFKhY6gcNw
461,Restore Machines,Autos & Vehicles,2,583,917,2020,5,1270000,222867845,30,UUTDoMs01RIJdjwPUxFU7WRQ
462,Samcrac,Autos & Vehicles,2,82,5796,2006,12,1260000,246880149,393,UUtn2hU9HKYQAgDtwrhux7Sw
463,Street Speed 717,Autos & Vehicles,2,163,2860,2015,1,1230000,356389798,1122,UUa9MHqAoA-8KeNm8pgShRaw
464,ThatDudeinBlue,Autos & Vehicles,2,831,4069,2011,9,1220000,314216006,1520,UUvLaRcvwQq4RCX-ER_zEG5w
465,Crown Rick Auto,Autos & Vehicles,2,292,3358,2013,8,1210000,179726706,292,UUxTvi9sgL7O-5IcOMRSLz7Q
466,itsjusta6,Autos & Vehicles,2,408,4034,2011,10,1200000,284805923,646,UUUNSNLJINivbSu-Yg9hk13w
467,RevZilla,Autos & Vehicles,2,170,4902,2009,6,1180000,319262698,7950,UULQZTXj_AnL7fDC8sLrTGMw
468,Mega Machines Channel,Autos & Vehicles,2,958,2549,2015,11,1160000,815907607,2631,UUeEjzibJG6myFaFJ0stfKUg
469,Mike Howl,Autos & Vehicles,2,308,1569,2018,7,1160000,291872853,116,UU0JB5IZPFHvzP1aHzYTJiCw
470,BoostedBoiz,Autos & Vehicles,2,0,2533,2015,11,1140000,280389764,1007,UU8LsMvKJ-l8a8nASFsuH4Ww
471,The Fast Lane Car,Autos & Vehicles,2,34,4973,2009,3,1110000,534978152,3574,UU6S0jAvcapqJ48ZzLfva12g
472,DipYourCar,Autos & Vehicles,2,33,4058,2011,9,1110000,241696909,621,UUsqsjtd902RLo8peD11olPw
473,Winding Road Magazine,Autos & Vehicles,2,823,6052,2006,4,1110000,539925478,2465,UUeiBi8gptAwNoIHrZ3OUUbw
474,Chaseontwowheels,Autos & Vehicles,2,280,4014,2011,11,1110000,174124491,1409,UUidMMQafCAomjuD_a3DcdHw
475,CarsandCameras,Autos & Vehicles,2,855,3655,2012,11,1080000,258453273,787,UUU3gQGhk0lYK-fKOR0sopgg
476,The Fast Lane Truck,Autos & Vehicles,2,188,3840,2012,5,1080000,458185424,1752,UUO-85LYfB61OP4SRAgpfncw
477,TheSmokingTire,Autos & Vehicles,2,402,4884,2009,6,1060000,345618358,1275,UUgeGealT0QYcrnoYRMltDZg
478,AutoPlus,Autos & Vehicles,2,777,253,2022,2,1060000,460274241,1157,UUr89pFPRC3tRVx461sDl7mg
479,Ideal Media,Autos & Vehicles,2,508,2082,2017,2,1040000,201261513,844,UU6XuRyMV0Kk0qspigsVOGNw
480,MotoBroo,Autos & Vehicles,2,505,3114,2014,4,1020000,121809580,827,UUAY8MJ-MZbk_CK7wgmpisJg
481,MEDCARS,Autos & Vehicles,2,83,2797,2015,3,1020000,382257327,608,UUFfFgeKVVhjXtQSXRj3e-Iw
482,Rob Dahm,Autos & Vehicles,2,333,5245,2008,6,1020000,205995790,755,UUhg9P8du8Ykqy6MbMK5jpzQ
483,Sony LIDL,Autos & Vehicles,2,16,2980,2014,9,1020000,18476135,3,UUnW-JAEAtoVSzloucvKrxnw
484,Ratchets And Wrenches,Autos & Vehicles,2,382,3723,2012,8,1010000,206753018,397,UUT5dv3iwFuy041dbWPB6skg
485,Dani Clos,Autos & Vehicles,2,216,2421,2016,3,1010000,116047269,493,UUigXhxKUIQr9_xJPIHArPiw
486,Liberman,Autos & Vehicles,2,378,2299,2016,7,996000,295101852,436,UUUmVipYm2QLX1MqytvV5K_Q
487,EmeliaHartford,Autos & Vehicles,2,0,2118,2017,1,989000,140545685,525,UUr47E3UYaFoKU7Mroevt4aQ
488,MINDS EYE DESIGN,Autos & Vehicles,2,790,5775,2007,1,984000,261225775,428,UUZ7qe4QUGie6jtJPPEHQx7Q
489,Radstadt Helden - Offizieller Kanal,Autos & Vehicles,2,186,2266,2016,8,980000,547707,16,UUYD1I38bMqUrWpPZCDm_aHA
490,DarkDragonWing,Autos & Vehicles,2,198,4894,2009,6,975000,126876096,169,UU_Neij7VbB09CNFg4BtxRlw
491,Forrest's Auto Reviews,Autos & Vehicles,2,556,2344,2016,6,973000,288362735,350,UUJla13cU_l6Itg8yEtOiAqQ
492,Gas Monkey Garage & Richard Rawlings,Autos & Vehicles,2,319,3784,2012,6,970000,109261102,482,UU9Fj-4oQzaEPkg-XHjqZE0g
493,Primecutpro,Autos & Vehicles,2,415,3576,2013,1,945000,426561745,810,UUSP83kLuC54Rz5EOr_a-Q1Q
494,Evan Shanks,Autos & Vehicles,2,78,5372,2008,2,944000,165131864,1290,UUWxQUyYJFdyflFVz5cp4aXA
495,Redline Reviews,Autos & Vehicles,2,833,3821,2012,5,941000,393887377,1606,UU2MrtVb1dT4FhcbOlW736kA
496,Uzabzor,Autos & Vehicles,2,77,2198,2016,10,936000,131891115,1614,UUUc0sePj2vm7Z3rXnaZHBtA
497,Amouranth,Autos & Vehicles,2,147,4311,2011,1,932000,113380411,343,UUKXmCTiLFaCc7zRYafxC9Wg
498,Max Wrist,Autos & Vehicles,2,198,2619,2015,9,930000,116026283,728,UUxdv9-Fx8ryu08s2bO-K_rA
499,TED,People & Blogs,22,905,5814,2006,12,22100000,2417372709,4075,UUAuUUnT6oDeKwE6v1NGQxug
500,Jake Paul,People & Blogs,22,221,3335,2013,9,20300000,7244084474,944,UUcgVECVN4OKV6DH1jLkqmcA
501,BuzzFeedVideo,People & Blogs,22,262,4106,2011,8,20200000,17799474097,7437,UUpko_-a4wgz2u_DgDgd9fqA
502,Vania Mania Kids,People & Blogs,22,191,2615,2015,9,19200000,7879999226,871,UULbyJSPEe2lx3jY-G0CFR3g
503,The Royalty Family,People & Blogs,22,458,2033,2017,4,19100000,5038705819,661,UUja7QUMRG9AD8X2F_vXFb9A
504,David Dobrik,People & Blogs,22,116,2879,2014,12,18100000,7116339694,536,UUmh5gdwCx6lN7gEC20leNVA
505,SOMOY TV,People & Blogs,22,973,2573,2015,10,17500000,9953682125,111562,UUxHoBXkY88Tb8z1Ssj6CWsQ
506,Dhar Mann,People & Blogs,22,707,1642,2018,5,17100000,9392109758,711,UU_hK9fOxyy_TM8FJGXIyG8Q
507,MrBeast Shorts,People & Blogs,22,51,807,2020,8,16500000,2420554578,97,UU4-79UOlP48-QNGgCko5p2g
508,Stokes Twins,People & Blogs,22,50,5322,2008,4,16600000,3162874596,224,UUbp9MyKCTEww4CxEzc_Tp0Q
509,Jason Vlogs,People & Blogs,22,542,2674,2015,7,16100000,7834919982,693,UUjmAh2qxmvWdH3xNPbg0IUQ
510,Zach Choi ASMR,People & Blogs,22,413,3046,2014,7,15600000,2910252902,706,UUI78AdiI6f7VKhqW1i4B3Rw
511,Roman Atwood Vlogs,People & Blogs,22,36,3373,2013,8,15500000,5452905721,1733,UU-SV8-bUJfXjrRMnp7F8Wzw
512,It's Mamix,People & Blogs,22,58,2104,2017,2,14700000,1639601034,204,UUSF6ewY9LS8GnbphwvnZpUg
513,Unspeakable,People & Blogs,22,210,2380,2016,5,14700000,7844534074,680,UUwIWAbIeu0xI0ReKWOcw3eg
514,PowerfulJRE,People & Blogs,22,33,3585,2013,1,13300000,2485420665,838,UUzQUP1qoWDoEbmsQxvdjxgQ
515,Disney Junior,People & Blogs,22,547,5311,2008,4,13200000,13206251000,3482,UUNcdbMyA59zE-Vk668bKWOg
516,The LaBrant Fam,People & Blogs,22,0,3726,2012,8,13100000,4556921105,586,UU4-CH0epzZpD_ARhxCx6LaQ
517,LeoNata Family,People & Blogs,22,231,404,2021,9,12700000,17525567821,1553,UUMsPm8-25ygqRrRe9_s1WFw
518,CaseyNeistat,People & Blogs,22,13,4647,2010,2,12500000,3085905080,1083,UUtinbF-Q-fVthA0qrFQTgXQ
519,Vogue,People & Blogs,22,339,5243,2008,6,12300000,3658446758,2814,UURXiA3h1no_PFkb1JCP0yMA
520,웃웃TwinsFromRussia,People & Blogs,22,999,4192,2011,5,12100000,8406804218,4559,UU0avk6i7f9ZYFfORXMgZxlA
521,Влад и Никита,People & Blogs,22,57,1486,2018,10,12000000,7345701754,425,UUppy4jafHu51iCMl-7qVbFA
522,Heidi y Zidane en español,People & Blogs,22,222,1070,2019,12,11600000,5600816955,499,UULVpcJc8LpFclTssfVZ5wGw
523,Kendrick Lamar,People & Blogs,22,0,1532,2018,8,11400000,5040331131,20,UU3lBXcrKFnFAFkfVk5WuKcQ
524,설기양SULGI,People & Blogs,22,125,3653,2012,11,10900000,2759773633,560,UUIafb9ExBkh4WsCOagZssZA
525,KiKiDo,People & Blogs,22,159,2561,2015,11,10800000,7361540370,739,UUWGK2_WVaXWv-QrkgT9-KDw
526,Indoor playground Bella - Misa,People & Blogs,22,207,2677,2015,7,10700000,3799156279,183,UUqkpsLEaOZwR1osdgYCyEoA
527,As/Is,People & Blogs,22,581,3498,2013,4,10500000,11899571251,4823,UUay_OLhWtf9iklq8zg_or0g
528,Nao FunFun,People & Blogs,22,50,3200,2014,2,10500000,5123286,60,UUS3VJQpFmLbBd5qsWci9KPA
529,Beast Philanthropy,People & Blogs,22,118,779,2020,9,10400000,148211697,16,UUAiLfjNXkNv24uhpzUgPa6A
530,XO TEAM,People & Blogs,22,760,420,2021,9,10300000,10217278167,2392,UUlZAOlfhJQJRym39WoAPxdw
531,The Bee Family,People & Blogs,22,376,3425,2013,6,10000000,2907020535,984,UUtZAaljDNIsIAIhwYYzvEiw
532,Boram Tube Show,People & Blogs,22,0,1802,2017,11,9980000,3194293544,467,UUZ4naQ_clEXWBSjHP11bgAQ
533,Babish Culinary Universe,People & Blogs,22,710,5921,2006,8,9900000,2419662272,557,UUJHA_jMfCvEnv-3kRjTCQXw
534,Hola Amigos,People & Blogs,22,420,1176,2019,8,9810000,5293640306,1106,UUL3qjTo4-Ppt2xlyCwD1psQ
535,BuzzFeed Multiplayer,People & Blogs,22,401,3107,2014,5,9750000,4083185215,1877,UUBUVGPsJzc1U8SECMgBaMFw
536,Safiya Nygaard,People & Blogs,22,230,4015,2011,11,9550000,1670670303,180,UUbAwSkqJ1W_Eg7wr3cp5BUA
537,블라드와 니키타,People & Blogs,22,40,1338,2019,3,9540000,3923698263,719,UU-oIulX1JBJ0aKAB0GHnThA
538,滇西小哥 Dianxi Xiaoge,People & Blogs,22,375,1565,2018,7,9500000,2859485794,287,UUQG_fzADCunBTV1KwjkfAQQ
539,charli d'amelio,People & Blogs,22,41,2541,2015,11,9480000,304165289,63,UUi3OE-aN09WOcN9d2stCvPg
540,Joey Graceffa,People & Blogs,22,255,4759,2009,10,9420000,2080456919,1859,UUGCPAOQDZa_TTTXDr5byjww
541,The Prince Family,People & Blogs,22,183,2266,2016,8,9370000,2514836533,1123,UU5LGPvoUOfwcLi4Ck8LiR4A
542,Kirya Kolesnikov,People & Blogs,22,714,3993,2011,12,9370000,5983646651,1763,UUb1FVtN2EvxaeoBBMtOXg7g
543,Kids Learning Songs,People & Blogs,22,299,4463,2010,8,9370000,5031189954,539,UUcOj1rEHLhu3QDHP_gGgVkg
544,Bretman Rock,People & Blogs,22,25,3696,2012,9,8880000,581033499,146,UU3EFKdXAU99j3ppGgvTz7XQ
545,Vlad and Niki THA,People & Blogs,22,45,1336,2019,3,8830000,3548534458,413,UU8YTieDFgf-D_3_RaPROgiA
546,The Voice,People & Blogs,22,193,4323,2011,1,8820000,615338841,1266,UUpdK1NLHxEUGXc1gq2NxkTw
547,Kanye West,People & Blogs,22,0,6144,2006,1,8780000,5866352117,11,UUs6eXM7s8Vl5WcECcRHc2qQ
548,Positive Energy-Funny family,People & Blogs,22,117,469,2021,7,8760000,2239317927,2056,UU4lGgdCua7DgZ82fhgxQJ8Q
549,Vlad ve Nikita,People & Blogs,22,45,1336,2019,3,8740000,4165610295,440,UUsZoAGyfzP1v5Z2BWyDU1kA
550,LARRAY,People & Blogs,22,15,4098,2011,8,8650000,1071468120,158,UUt_DaLB_NDqPVxezyvcfRtg
551,Peet Montzingo,People & Blogs,22,97,3080,2014,6,8630000,5885399347,223,UU1WbRuMMzbzUfBG65x1FmXQ
552,Jen Smith,People & Blogs,22,27,4776,2009,10,8410000,2999027382,1967,UUqIqRzEge-Qvt4Iglx-uKdQ
553,David Dobrik Too,People & Blogs,22,343,2258,2016,8,8340000,943349086,92,UUef29bYGgUSoJjVkqhcAPkw
554,HunniBee ASMR,People & Blogs,22,663,2052,2017,3,8280000,1690123012,606,UUB7Te5Pb6LOTFV7i0Rzp8dg
555,Familia Diamond,People & Blogs,22,669,1852,2017,10,8170000,1774746419,534,UU5ZOSZ-Bpass2ZkJY9q9ISg
556,Matheus Mazzafera,People & Blogs,22,585,2408,2016,4,8120000,1619183519,4705,UUL7Bgplfmp-9hF1ghndgxng
557,Nastya Artem Mia ESP,People & Blogs,22,412,1083,2019,11,7930000,2881871826,291,UULt9LS1IhrRuPIdsnzc21qQ
558,MrBeast 2,People & Blogs,22,55,842,2020,7,7660000,46088502,6,UUZzvDDvaYti8Dd8bLEiSoyQ
559,AmusementForce,People & Blogs,22,329,3409,2013,7,7510000,4911162920,7771,UUycM0Fd584iW3IpgCAjaSEw
560,Nick DiGiovanni,People & Blogs,22,18,2475,2016,1,7470000,3163038680,594,UUMyOj6fhvKFMjxUCp3b_3gA
561,Prettyboyfredo,People & Blogs,22,265,4891,2009,6,7370000,1049679941,466,UUGDumBSWK7q6Rpdwz8osbYA
562,Smosh Pit,People & Blogs,22,169,6190,2005,11,7370000,2766966501,1652,UUYJPby9DRCteedh5tfxVbrw
563,Shfa stories,People & Blogs,22,0,1116,2019,10,7340000,2466281137,305,UU1hNgneuRwhoWhfzSem86fA
564,Mr.Heang Update,People & Blogs,22,774,1854,2017,10,7340000,1257067057,21,UUEjA5F8lg5ntTbS7WDeRDFA
565,Bratayley,People & Blogs,22,699,4329,2010,12,7230000,4005477991,2613,UUnrO0wqhKpMYUt_wSeaIasw
566,ViralHog,People & Blogs,22,839,2998,2014,8,7090000,10365597976,35522,UU3339WgBDKIcxTfywuSmG8w
567,MrBallen,People & Blogs,22,343,2786,2015,3,6860000,1306597061,265,UUtPrkXdtCM5DACLufB9jbsA
568,JRE Clips,People & Blogs,22,0,2118,2017,1,6780000,4838539396,5393,UUnxGkOGNMqQEUMvroOWps6Q
569,Mr. Tfue,People & Blogs,22,681,1751,2018,1,6730000,1387026306,17,UUGPYR4JXRDyYpHZXG6vZ_1Q
570,Katie OnTheRoad,People & Blogs,22,606,2258,2016,8,6700000,618266461,364,UUweQmad90LI3b1XrlGo0Edg
571,Vlad et Nikita,People & Blogs,22,46,1262,2019,5,6500000,2293483583,446,UUBAVuFj7sgiS0Qp0hBgfuJg
572,Sham Drama شام دراما,People & Blogs,22,188,2103,2017,2,6460000,5877819716,11747,UU24ILr30tJeVf9H5dCMHV4g
573,Cam Casey,People & Blogs,22,139,1967,2017,6,6280000,7184779607,2281,UUAatjI5Yc8o7WZcHDbNw7eA
574,Trav and Cor,People & Blogs,22,358,3021,2014,7,6150000,2550231901,344,UUfFsZu7Ed20xKDOmzdpF3EQ
575,Great Big Story,People & Blogs,22,409,2792,2015,3,6070000,2397816136,2799,UUajXeitgFL-rb5-gXI-aG8Q
576,FaZe Adapt,People & Blogs,22,239,3980,2011,12,6000000,1277275778,1496,UUi87kxosIT3wrnEA-mv4jWA
577,Mr DegrEE,People & Blogs,22,37,2105,2017,1,5960000,2746106049,857,UUeYTfGpNCmVhlxjQxBDrGPA
578,Cody Ko,People & Blogs,22,260,3082,2014,5,5890000,1398957906,378,UUfp86n--4JvqKbunwSI2lYQ
579,Nastya Artem Mia IDN,People & Blogs,22,400,1067,2019,12,5860000,2276493033,284,UUf5UiPBEP1SZ7bud6NJOkOg
580,Primitive Technology Idea,People & Blogs,22,226,5823,2006,11,5780000,1256815401,197,UUsXDivUNanYBWgXv9lRZjBw
581,Ivanita Lomeli,People & Blogs,22,240,1599,2018,6,5720000,763163119,269,UUkNMthZPrgH-uaeklZzUSiw
582,Mindy McKnight,People & Blogs,22,525,4982,2009,3,5640000,1382652886,794,UU2LgZ_4GzSFQS-3a87_Jc6w
583,123 GO! SCHOOL,People & Blogs,22,321,1006,2020,2,5600000,1801016308,307,UU2sloW3tudsSaEpxiqd9hTQ
584,Brawadis,People & Blogs,22,171,2774,2015,4,5590000,1699359773,1833,UUvtRTOMP2TqYqu51xNrqAzg
585,Tannerites,People & Blogs,22,434,2657,2015,7,5570000,4033588327,1178,UUUvEpOhD1BYa6J2dPZbEtTw
586,Juan Gabriel,People & Blogs,22,0,802,2020,8,5550000,5877270611,7,UUnLJnKKCxLRsAktAB9iMSeQ
587,Funny Vines,People & Blogs,22,0,2217,2016,10,5400000,980295328,73,UUn2WuLhvfQL5YjxbOELgfqA
588,KIM ORO,People & Blogs,22,19,619,2021,2,5390000,91292538,45,UUS5hmRlKBfQ0dTP8qafbLQA
589,motivationaldoc,People & Blogs,22,434,5286,2008,5,5380000,605128363,3427,UUKcWSiffY8MpZ3NKav8LeRA
590,BuzzFeed Unsolved Network,People & Blogs,22,262,1637,2018,5,5370000,1865160366,580,UUKijjvu6bN1c-ZHVwR7-5WA
591,Khaby Lame,People & Blogs,22,201,238,2022,3,5290000,2428864634,578,UUV-O3AwC60Xef6OiK_RyQBA
592,Tasty Plus,People & Blogs,22,444,2202,2016,10,5280000,2046230506,800,UUnuYoQ_lkYWGIPQ-LwaJpmQ
593,Primitive Technology KH.,People & Blogs,22,586,1756,2018,1,5270000,4441227,3,UUDMGL8ZdQ7_tQdg6c7oRSpQ
594,The Gabbie Show,People & Blogs,22,170,3189,2014,2,5250000,133417848,59,UUfBpv6ahDMg7kEClQuMpzzw
595,Primitive Jungle Lifeskills,People & Blogs,22,859,1865,2017,9,5200000,1247681914,44,UUIfT6SDOfHsFJqWQ7LPg_vQ
596,HiHo Kids,People & Blogs,22,151,2109,2017,1,5160000,3359988578,957,UUqa2MPu8bLY1PwVFUpSyVhQ
597,Daily Bumps,People & Blogs,22,506,3597,2012,12,5110000,4088137128,2668,UUyCyTe_1bT2aIPwG_gxbyeg
598,Filaretiki,People & Blogs,22,204,592,2021,3,5110000,6870534081,1099,UU7Lta_EuGv5BXoLTpUutvBA
599,Markiplier,Gaming,20,632,3822,2012,5,33900000,19165623652,5256,UU7_YxT-KID8kRbqZo7MyscQ
600,Dream,Gaming,20,37,3199,2014,2,31100000,2782573583,111,UUTkXRDQl0luXxVQrRQvWS6w
601,MrBeast Gaming,Gaming,20,34,949,2020,4,29500000,5214404964,136,UUIPPMRA040LQr5QPyJEbmXA
602,Ninja,Gaming,20,538,4019,2011,11,23800000,2469660381,1467,UUAW-NpUFkMyCNrvRSSGIvDQ
603,SSundee,Gaming,20,189,4732,2009,11,21400000,12485443427,3142,UUke6I9N4KfC968-yRcd5YRg
604,LankyBox,Gaming,20,133,2296,2016,7,21300000,28553148142,6375,UUSf0s2ogUVYpJPuzW1zpAOg
605,FGTeeV,Gaming,20,898,3459,2013,5,21200000,22980024129,1628,UUC-RHF_77zQdKcA75hr5oTQ
606,Clash of Clans,Gaming,20,150,3572,2013,1,19200000,3718387256,604,UUD1Em4q90ZUK2R5HKesszJg
607,CookieSwirlC,Gaming,20,824,3296,2013,11,18700000,21639939089,3621,UUelMeixAOTs2OQAAi9wU8-g
608,PopularMMOs,Gaming,20,220,3861,2012,4,17200000,14501556701,4686,UUpGdL9Sn3Q5YWUH2DVUW1Ug
609,IGN,Gaming,20,972,5898,2006,9,17000000,15029595386,151567,UUKy1dAqELo0zrOtPkf0eTMw
610,The Game Theorists,Gaming,20,995,4830,2009,8,16300000,3644208071,676,UUo_IB5145EVNcf8hw1Kku7w
611,Technoblade,Gaming,20,271,3302,2013,10,15500000,1531365958,988,UUFAiFyGs6oDiF1Nf-rRJpZA
612,League of Legends,Gaming,20,405,5024,2009,2,15000000,6795662683,1312,UU2t5bjwHdUX4vM2g8TRDq5g
613,CoryxKenshin,Gaming,20,91,4947,2009,4,14800000,6164675626,1653,UUiYcA0gJzg855iSKMrX3oHg
614,Kwebbelkop,Gaming,20,597,5337,2008,4,14800000,6688489386,4996,UUfLuMSIDmeWRYpuCQL0OJ6A
615,Aphmau,Gaming,20,250,3743,2012,8,14800000,14367296178,4106,UUzYfz8uibvnB7Yc1LjePi4g
616,PlayStation,Gaming,20,425,6175,2005,12,14500000,4387916746,18568,UU-2Y8dQb0S6DtpxNgAKoJKA
617,PrestonPlayz,Gaming,20,0,1705,2018,3,13500000,4865148302,737,UUJZam2u1G0syq3kyqrCXrNw
618,H2ODelirious,Gaming,20,311,5651,2007,5,13300000,4262412508,3149,UUClNRixXlagwAd--5MwJKCw
619,Поззи,Gaming,20,37,3831,2012,5,13200000,6492613930,3075,UUuZeiI5pdpgqDojXZujoYgg
620,theRadBrad,Gaming,20,48,5829,2006,11,13200000,5867148436,7804,UUpqXJOEqGS-TCnazcHCo0rA
621,IShowSpeed,Gaming,20,13,2427,2016,3,13000000,937316443,1169,UUWsDFcIhY2DBi3GB5uykGXA
622,WiederDude,Gaming,20,139,2344,2016,6,12200000,2333380267,273,UUpDNnvxEf3iWuJbtmUk6DnA
623,Tfue,Gaming,20,20,3095,2014,5,11800000,1472548008,785,UU9lSZSYpDDE18hoFA7YlBpw
624,UnspeakableReacts,Gaming,20,204,3686,2012,10,11400000,4880787325,2454,UUKYb5XBe-5OSEgLijLSoDtw
625,CaptainSparklez,Gaming,20,0,4498,2010,7,11300000,3967856397,5550,UUshoKvlZGZ20rVgazZp5vnQ
626,Fortnite,Gaming,20,142,3221,2014,1,11300000,2232089393,861,UUlG8odDC8TS6Zpqk9CGVQiQ
627,Flamingo,Gaming,20,179,1955,2017,7,11300000,9304912141,2273,UUm-X6o81nRsXQTmqpyArkBQ
628,Sky Does Everything,Gaming,20,3,4275,2011,2,11100000,3826512074,2101,UUKlhpmbHGxBE6uw9B_uLeqQ
629,GeorgeNotFound,Gaming,20,15,3319,2013,10,10500000,588926859,49,UUA2tt9GSU2sl8rAqjlLR3mQ
630,BCC Gaming,Gaming,20,727,4202,2011,5,9790000,2162726275,3186,UUBw-Dz6wHRkxiXKCLoWqDzA
631,BuzzFeed Multiplayer,Gaming,20,401,3113,2014,5,9750000,4083525112,1877,UUBUVGPsJzc1U8SECMgBaMFw
632,Fe4RLess,Gaming,20,46,3249,2013,12,9740000,1486484560,170,UUChwR7eLKtbl1KyI7VFASzQ
633,Black Plasma Studios,Gaming,20,223,5361,2008,3,9720000,2209139989,230,UUawEP-InoKYKutsgq_vqIXA
634,InquisitorMaster,Gaming,20,95,2973,2014,9,9700000,5454418399,1978,UUS7b93ZwoL1xt2hR7a7l2mg
635,ItsFunneh,Gaming,20,204,4089,2011,9,9600000,11345302691,2454,UUUk7VggtJdo9XYTy3Z5QVAw
636,Denis,Gaming,20,15,2438,2016,3,9290000,3916332878,2752,UUOaMOXfe8EWH1GJyhqhXrAA
637,Beluga,Gaming,20,40,2116,2017,1,9260000,1752301734,244,UUmSp4bDxS9R0jpeZEvkut2g
638,MrLololoshka (Роман Фильченков),Gaming,20,153,3820,2012,5,9110000,3319403157,3339,UUAvrIl6ltV8MdJo3mV4Nl4Q
639,Nintendo of America,Gaming,20,247,6164,2005,12,8730000,3132113505,6005,UUGIY_O-8vW4rfX98KlMkvRg
640,Caylus,Gaming,20,34,2411,2016,4,8700000,3197656348,1097,UUVAYy7_zddIx6USjXscV9Vg
641,FaZe Clan,Gaming,20,69,4548,2010,5,8650000,1141935814,1728,UUNdpD9V0PIrH1glUJ6RG4-w
642,GamingWithKev,Gaming,20,210,2745,2015,5,8590000,4921354531,2715,UUrkfdiZ4pF3f5waQaJtjXew
643,Thinknoodles,Gaming,20,362,3985,2011,12,8580000,3420368255,5532,UUhd1FPXykD4pust3ljzq6hQ
644,MineCraft VFX Family,Gaming,20,229,3394,2013,7,8070000,778244,46,UUyn4UphNjXY8ULKja5F9DBQ
645,WILDCAT,Gaming,20,293,4066,2011,9,7980000,2832314121,2057,UU-kOXc3gBwksVfmndSEz7jg
646,TBNRFrags,Gaming,20,1,4366,2010,11,7670000,1751873923,1989,UUNAz5Ut1Swwg6h6ysBtWFog
647,Jane & Sergio 🥰,Gaming,20,26,1639,2018,5,7640000,6597262023,990,UUi-zk_MWt0Skdhm4ez_aFZw
648,AWE me,Gaming,20,489,3592,2013,1,7540000,959109915,430,UUNKcMBYP_-18FLgk4BYGtfw
649,Ceeday,Gaming,20,31,2939,2014,10,7400000,1347698987,393,UUZyxY8Q7xgUCXfFViWkjrSw
650,gameranx,Gaming,20,130,3868,2012,4,7360000,3128704388,3276,UUNvzD7Z-g64bPXxGzaQaa4g
651,Smosh Games,Gaming,20,166,4146,2011,7,7360000,2682435001,2865,UUJ2ZDzMRgSrxmwphstrm8Ww
652,Call of Duty,Gaming,20,352,6143,2006,1,7350000,1355847475,1539,UU9YydG57epLqxA9cTzZXSeQ
653,UnspeakablePlays,Gaming,20,176,1965,2017,6,7310000,2231612217,1178,UU1n_yB_W-FZCbwajZPcs8Jw
654,videogamedunkey,Gaming,20,26,4405,2010,10,7260000,3575938914,779,UUsvn_Po0SmunchJYOWpOxMg
655,RageElixir,Gaming,20,284,3755,2012,8,7200000,1074857632,2587,UU2IbKgetx0qzxVKVZ8NlIfw
656,Azerrz,Gaming,20,341,3634,2012,11,7170000,789372051,342,UUiwIAU4SNlrcv47504JrJeQ
657,LaurenZside,Gaming,20,243,5738,2007,2,6860000,2908381719,1927,UUeBnbqt4VRhotq2TQjkIi2A
658,Shroud,Gaming,20,292,2883,2014,12,6810000,1004336138,1423,UUoz3Kpu5lv-ALhR4h9bDvcw
659,Rockstar Games,Gaming,20,954,6112,2006,2,6800000,816342202,314,UU6VcWc1rAoWdBCM0JxrRQ3A
660,Tiko,Gaming,20,82,2511,2015,12,6760000,1184940616,937,UUW0wEGsLzmIgvQDOXgaz4vg
661,Sernando,Gaming,20,80,3466,2013,5,6650000,1016088948,1387,UUKIZCD7ljjbzaWSrDMT0QPw
662,Andre se hace Gamer,Gaming,20,340,3007,2014,8,6610000,3418118373,1273,UU45TGakhd-QcI_Y3WLMz3-g
663,Santa Studio,Gaming,20,866,3900,2012,3,6410000,628405205,37,UU_c4psnFX-ZyCUXA_vlXpIQ
664,DashieGames,Gaming,20,50,4077,2011,9,6380000,2882363770,3043,UUERUmrDh9hmqEXBsnYFNTIA
665,TobyGames,Gaming,20,348,4487,2010,7,6230000,2057153784,5218,UULCmJiSbIoa_ZFiBOBDf6ZA
666,Skeppy,Gaming,20,12,2858,2015,1,6200000,1523722717,996,UUzMjRlKVO9XIqH_crIFpi6w
667,speedyw03,Gaming,20,46,5998,2006,6,6160000,1603311655,1912,UUEe076nFuVobN0bAsXK7ICw
668,FaZe Apex,Gaming,20,39,5117,2008,11,6160000,764594,2,UUa7507M549AiDKN8J89tn5A
669,SypherPK,Gaming,20,406,4311,2011,1,6110000,1695934270,1995,UU_q5WZtFp36adwqhKpZzxwQ
670,GrayStillPlays,Gaming,20,430,2488,2016,1,6100000,2776646381,2900,UUzEy7pi3B7TIS9cn_sdKK9A
671,Genshin Impact,Gaming,20,624,1269,2019,5,6020000,1094141798,327,UUiS882YPwZt1NfaM0gR0D9Q
672,TheDooo,Gaming,20,46,3422,2013,6,6010000,801953200,303,UUPKgIhTC3BdkAwMw6s-GEug
673,TheAtlanticCraft,Gaming,20,116,3792,2012,6,6000000,2788720027,3995,UU4f1zAG2BTkfOQV4_nFbpBQ
674,Skip the Tutorial,Gaming,20,79,1944,2017,7,5970000,908887796,250,UU3xZYc4SZUGfRERIvDRGqDQ
675,Bionic,Gaming,20,121,2928,2014,11,5860000,1536643347,672,UUETZ7OiW7-wqwb-6hsz3C4w
676,XpertThief,Gaming,20,0,6060,2006,4,5810000,1600680870,2109,UUDwujczvdxbbVHg-V4-kC-A
677,LispyJimmy,Gaming,20,212,3688,2012,10,5790000,577710922,2554,UUgrA08uO7JR9h6Xr-ONjPkA
678,Ярик Кeнт,Gaming,20,1,2443,2016,3,5770000,2412491025,1726,UU5hNc6nMPLmcgygWgdHifgw
679,2B Gamer,Gaming,20,478,1142,2019,9,5750000,630402364,1243,UUkB8jdyNRWpzCOJCqIFalbQ
680,KreekCraft,Gaming,20,774,3138,2014,4,5680000,1339841659,4109,UUxsk7hqE_CwZWGEJEkGanbA
681,TG Plays,Gaming,20,177,985,2020,3,5670000,1994757549,919,UUqVCSWnuOSPm26orvNDTuWQ
682,Top5Gaming,Gaming,20,150,1993,2017,5,5590000,1954094314,962,UUYn6CZe5UGIyPe9WJb0pTrg
683,JeromeASF,Gaming,20,476,4142,2011,7,5490000,2326401965,9715,UUrYnLkVfvVf0Qy0YOUQdk2A
684,PUMBA,Gaming,20,269,2632,2015,8,5480000,1295811754,836,UUOdxj0dNaHxyrCfJqJMRknw
685,SeaNanners Gaming Channel,Gaming,20,282,5001,2009,3,5440000,2631276825,1774,UUq54nlcoX-0pLcN5RhxHyug
686,KCN Channel TV2,Gaming,20,279,5377,2008,2,5420000,2721573,19,UUo75zHSLMD5nac5xirUeqhw
687,GameGrumps,Gaming,20,906,3777,2012,7,5370000,6417972822,8242,UU9CuvdOVfMPvKCiwdGKL3cQ
688,ShuffleGamer,Gaming,20,85,2637,2015,8,5350000,770788171,1210,UUI2hA8WukW-Q90aabtm3Hbw
689,Lucky Maker,Gaming,20,47,2563,2015,11,5310000,2338871582,547,UUDE9_bQhX8oc44dy9MHEIQA
690,Cosmo Guy,Gaming,20,170,609,2021,3,5230000,3483501216,182,UU_Ba9vCsY19LF7-gc46lWQQ
691,Moose,Gaming,20,62,2601,2015,9,5190000,1349103812,2419,UUV7lBBz6G20d87WoKFPjsPw
692,NoahJ456,Gaming,20,13,4657,2010,2,5180000,1514466569,3922,UUP9tAErY_RlX4RFKssE4ogg
693,packattack04082,Gaming,20,999,5756,2007,2,5180000,6584479522,7584,UUg_j7kndWLFZEg4yCqUWPCA
694,Poke,Gaming,20,88,5583,2007,7,5170000,1394998041,2794,UU8qNcrcCOpYIsWWwkX9mDGQ
695,Shark,Gaming,20,472,4835,2009,8,5160000,1335391708,2987,UUQVwQQvz8O_0aeFDBVcdhpg
696,GamingWithJen,Gaming,20,341,3636,2012,11,5150000,1281283028,547,UU_ItCy-BTDCULPpDPlieUKA
697,MrBeast,Entertainment,24,658,3918,2012,2,111000000,18453452658,731,UUX6OQ3DkcsbYNE6H8uQQuVA
698,✿ Kids Diana Show,Entertainment,24,997,2741,2015,5,103000000,83766566944,1033,UUk8GzjMOrta8yxDcKfylJYw
699,Like Nastya,Entertainment,24,927,2167,2016,12,102000000,85379103652,732,UUJplp5SjeGSdVdwsfb9Q7lQ
700,Vlad and Niki,Entertainment,24,914,1664,2018,4,89500000,70236123821,500,UUvlE5gTbOvjiolFlEm-c_Ow
701,BillionSurpriseToys - English Kids Songs & Cartoon,Entertainment,24,997,3305,2013,10,47900000,8842368401,676,UURx3mKNUdl8QE06nEug7p6Q
702,BRIGHT SIDE,Entertainment,24,725,2068,2017,3,44200000,10257252315,4904,UU4rlAVgAK0SGk-yTfe48Qpw
703,Like Nastya Show,Entertainment,24,0,1824,2017,11,41800000,18923684141,640,UUS94J1s6-qc8v7btCdS2pNg
704,Little Baby Bum - Nursery Rhymes & Kids Songs,Entertainment,24,948,4161,2011,6,40100000,38052225536,2152,UUKAqou7V9FAWXpZd9xtOg3Q
705,TheEllenShow,Entertainment,24,66,5835,2006,11,38300000,22451008857,14735,UUp0hYYBW6IMayGgR-WeoCvQ
706,Toys and Colors,Entertainment,24,626,2431,2016,3,37500000,42969618222,870,UUgFXm4TI8htWmCyJ6cVPG_A
707,Like Nastya ESP,Entertainment,24,0,2030,2017,4,34900000,16787234053,671,UUpEJRZdSpdVZ8vh63T9I2KQ
708,Ryan's World,Entertainment,24,772,2797,2015,3,33700000,52943251128,2255,UUhGJGhZ9SOOHvBB0Y4DOO_w
709,SSSniperWolf,Entertainment,24,134,3583,2013,1,32900000,21712762000,3173,UUpB959t8iPrxQWj7G6n0ctQ
710,Vlad và Nikita,Entertainment,24,44,1576,2018,7,31500000,19797549959,437,UUcOMTVILq-yIqtFmOqt-QOg
711,Luis Fonsi,Entertainment,24,279,3182,2014,2,31100000,14665065300,130,UUxoq-PAQeAdk_zyg8YS0JqA
712,Boram Tube Vlog [보람튜브 브이로그],Entertainment,24,695,3917,2012,2,29600000,13221466670,223,UUU2zNeYhf9pi_wSqFbYE96w
713,DONA 도나,Entertainment,24,123,1682,2018,4,28800000,18997375384,162,UUTheFErn4MureanSiqgKIag
714,Little Angel: Nursery Rhymes & Kids Songs,Entertainment,24,738,2525,2015,12,28400000,20885427444,1179,UUNzsYU0aWwjERj-9Y9HUEng
715,The Late Late Show with James Corden,Entertainment,24,85,5835,2006,11,28000000,10158425534,5604,UUJ0uqCI0Vqr2Rrt1HseGirg
716,Lucas and Marcus,Entertainment,24,93,4315,2011,1,27600000,9038977268,1024,UUwD4x63A9KC7Si2RuSfg-SA
717,Diana and Roma ESP,Entertainment,24,826,2176,2016,11,27500000,10981532241,516,UUqNmJfc7RgMU6hTxOOuCYHQ
718,व्लाद और निकिता,Entertainment,24,43,1470,2018,11,27500000,16581916505,459,UUUMxxg0KvWiSWHUXRPpnKzw
719,ToypuddingTV,Entertainment,24,31,3105,2014,5,26800000,15633956151,2473,UUKqx9r4mrFglauNBJc1L_eg
720,WORLDSTARHIPHOP,Entertainment,24,834,5117,2008,11,26100000,19716008764,6551,UU-yXuc1__OzjwpsJPlxYUCQ
721,Nick Jr.,Entertainment,24,984,3698,2012,9,25700000,21038941916,4904,UUUe6ZpY6TJ0no8jI4l2iLxw
722,Netflix,Entertainment,24,401,3770,2012,7,25000000,6110782587,5986,UUWOA1ZGywLbqmigxE4Qlvuw
723,ZHC,Entertainment,24,108,3384,2013,8,24700000,2324107036,302,UUlQubH2NeMmGLTLgNdLBwXg
724,Diana and Roma HIN,Entertainment,24,968,1382,2019,1,24000000,11236435976,516,UU5ma-WCc8jNCV0WyRnfbHTg
725,Collins Key,Entertainment,24,163,4113,2011,8,24000000,6448644886,251,UU7TTtOQKMXTWWMtWQMIgVSA
726,James Charles,Entertainment,24,97,2538,2015,12,23800000,3755267268,433,UUucot-Zp428OwkyRm2I7v2Q
727,Logan Paul,Entertainment,24,118,2632,2015,8,23600000,5920464211,712,UUG8rbF3g2AMX70yOd8vqIZg
728,Happy Lives,Entertainment,24,262,2433,2016,3,23400000,10128840135,616,UUWlK0s4T4gyLavYiQTpSzKQ
729,Sesame Street,Entertainment,24,941,6144,2006,1,23000000,21448229778,3493,UUoookXUzPciGrEZEXmh4Jjg
730,Like Nastya AE,Entertainment,24,0,1424,2018,12,22700000,11577268476,616,UU3I1iohrGzxep0p8r1Osw3w
731,America's Got Talent,Entertainment,24,524,5980,2006,6,22700000,4432603160,2897,UUT2X19JJaJGUN7mrYuImANQ
732,Diana and Roma ARA,Entertainment,24,621,1380,2019,2,22400000,10224233389,527,UUtm3DGXkWqAUQZMHl97SVxA
733,D Billions,Entertainment,24,59,1204,2019,7,22400000,25184671422,523,UUi3onjs7UU2Z64i3RrVci-Q
734,Smile Family,Entertainment,24,0,1705,2018,3,22300000,8384804291,446,UUjZ-Ekz7JDN6GDXwusvSHvg
735,Brent Rivera,Entertainment,24,246,4851,2009,8,22100000,5151449063,501,UU56D-IHcUvLVFTX_8NpQMXg
736,FaZe Rug,Entertainment,24,954,3775,2012,7,22100000,6457923875,2044,UUilwZiBBfI9X6yiZRzWty8Q
737,Preston,Entertainment,24,346,3783,2012,7,21800000,7274814312,3903,UU70Dib4MvFfT1tU6MqeyHpQ
738,nigahiga,Entertainment,24,405,5958,2006,7,21200000,4365275835,403,UUSAUGyc_xA8uYzaIVG6MESQ
739,★ Kids Roma Show,Entertainment,24,721,2741,2015,5,21100000,7387241738,603,UUx790OVgpTC1UVBQIqu3gnQ
740,National Geographic,Entertainment,24,312,6033,2006,5,20800000,5326703482,9956,UUpVm7bg6pXKo1Pr6k5kxG9A
741,Family GamesTV,Entertainment,24,0,2482,2016,1,20400000,7069613074,281,UUUhkLR2YOMtWF44kSb-TxyA
742,Vlad and Niki Arabic,Entertainment,24,98,1464,2018,11,20300000,9566225872,449,UUP9MW9ATjUwwulqEYTbp-Mw
743,Lyrical Lemonade,Entertainment,24,266,3519,2013,3,20200000,9900297243,411,UUtylTUUVIGY_i5afsQYeBZA
744,Beast Reacts,Entertainment,24,81,2393,2016,4,20100000,2956783061,226,UUUaT_39o1x6qWjz7K2pWcgw
745,REACT,Entertainment,24,558,5640,2007,6,20000000,13008897160,3970,UU0v-tlzsn0QZwJnkiaUSJVQ
746,Pencilmation,Entertainment,24,451,5763,2007,2,19900000,10979818740,1239,UUUAL--p3qAa27luR0IYbjZA
747,Marvel Entertainment,Entertainment,24,493,6358,2005,6,19800000,5319029020,8202,UUvC4D8onUfXzvjTOM-dBfEA
748,Zhong,Entertainment,24,49,2854,2015,1,19800000,12024217474,1206,UUyagEfIN1okQ-s996XAqCFQ
749,Diana and Roma EN,Entertainment,24,745,3978,2011,12,19700000,4859938271,447,UUl_P0sCqxOdQpMwuajdXkRg
750,Infinite,Entertainment,24,143,3005,2014,8,19600000,4551028843,1540,UU_hSjGOO67A6gIDUcyuv_8A
751,Eva Bravo Play,Entertainment,24,358,1285,2019,5,19600000,9287322890,378,UUvYhgH0hXziSz9IyPztzUug
752,Vania Mania Kids,Entertainment,24,191,2621,2015,9,19300000,7941347758,873,UULbyJSPEe2lx3jY-G0CFR3g
753,Ninja Kidz TV,Entertainment,24,992,2102,2017,2,19200000,9556587992,273,UUpZ88DWlKW0H_AYDaUZptcw
754,Crafty Panda,Entertainment,24,228,1805,2017,12,19000000,5720277500,654,UU03RvJoIhm_fMwlUpm9ZvFw
755,Maya and Mary,Entertainment,24,580,3361,2013,8,18800000,6452894486,543,UU50vBAtklUoJF1Wx5q0pmuw
756,Мирошка ТВ,Entertainment,24,231,1726,2018,2,18300000,4713343406,92,UUUYA9nNP2Pgz5RF_oMvnqdQ
757,SCTV,Entertainment,24,253,3998,2011,12,18300000,8896351762,47511,UU_vsErcsq56hOscPHkG-aVw
758,Vlad and Niki IDN,Entertainment,24,0,1464,2018,11,18300000,8690329438,424,UUgG9IWOPcCIfQoI00xQBUbg
759,PDK Films,Entertainment,24,587,4862,2009,7,18200000,3978891837,110,UU-F6LZSWz34xKknY8NNCzgQ
760,Good Mythical Morning,Entertainment,24,783,5169,2008,9,18000000,8282099799,3053,UU4PooiX37Pld1T8J5SYT-SQ
761,Lele Pons,Entertainment,24,33,2611,2015,9,17700000,5003947108,154,UUi9cDo6239RAzPpBZO9y5SA
762,Liza Koshy,Entertainment,24,41,3358,2013,9,17300000,2602337183,189,UUxSz6JVYmzVhtkraHWZC7HQ
763,EeOneGuy,Entertainment,24,19,3525,2013,3,17100000,3811840716,365,UUrFiA0hztL9e8zTi_qBuW4w
764,IGN,Entertainment,24,972,5898,2006,9,17000000,15029595386,151568,UUKy1dAqELo0zrOtPkf0eTMw
765,Guava Juice,Entertainment,24,199,5961,2006,7,16900000,8916931422,1821,UUMNmwqCtCSpftrbvR3KkHDA
766,Smile Family Spanish,Entertainment,24,0,1242,2019,6,16600000,6248199667,374,UUau6-7svf1fw2QCUJDj68eQ
767,Katie Angel,Entertainment,24,618,2734,2015,5,16600000,3300051991,813,UUgSMDG8aGE3YHfBCXHuPpYA
768,VICE,Entertainment,24,446,6175,2005,12,16300000,4329872324,3744,UUn8zNIfYAQNdrFRrr8oibKw
769,Sandra Cires Art,Entertainment,24,84,4064,2011,9,16300000,3794164921,970,UUYM02HkL0C3V1hAzw0HUXUw
770,Jason Vlogs,Entertainment,24,542,2680,2015,7,16200000,7883028529,694,UUjmAh2qxmvWdH3xNPbg0IUQ
771,FailArmy,Entertainment,24,1000,4148,2011,7,16200000,2274350404,365,UUPDis9pjXuqyI7RYLJ-TTSA
772,Camila Cabello,Entertainment,24,32,2650,2015,8,16000000,6249940825,80,UUio_FVgKVgqcHrRiXDpnqbw
773,Matt Stonie,Entertainment,24,91,3732,2012,8,16000000,3352480573,414,UUd1fLoVFooPeWqCEYVUJZqg
774,Kids Play,Entertainment,24,108,1643,2018,5,15900000,7782590447,558,UUlyPv5RRfYdUFv2SsgV5uMw
775,FunFun Toy Doll TV,Entertainment,24,375,2356,2016,5,15800000,7095379655,712,UUqvS0UZpSh8ydVQ7TxGNOJw
776,With Kids[위드키즈],Entertainment,24,568,3781,2012,7,15700000,8288612480,872,UU6ye474SJCiPsEPueO_b3Gw
777,Vlad and Niki ESP,Entertainment,24,86,1493,2018,10,15700000,6007111166,441,UUZLl7vfqlRjVL4YBHGmLVvQ
778,SMOL,Entertainment,24,316,605,2021,3,15300000,16224181547,2505,UUBBZ7No0AzEJ3qiatjSa-mg
779,LEGO,Entertainment,24,986,6230,2005,10,15200000,19411340588,29469,UUP-Ng5SXUEt0VE-TXqRdL6g
780,Super Senya,Entertainment,24,213,2315,2016,7,15100000,4911025754,565,UUjx0-lAtcB7pTxT6MaGPs9g
781,Дима Масленников,Entertainment,24,258,3170,2014,3,15100000,2141207081,408,UUwipTluVS2mjuhPtx2WU7eQ
782,TheRichest,Entertainment,24,766,3218,2014,1,15100000,2936765927,2268,UUdxi8d8qRsRyUi2ERYjYb-w
783,Mariale,Entertainment,24,809,4693,2010,1,15000000,2636316248,2016,UUSyoRFkB5xkaa3ScUcBaETw
784,ERB,Entertainment,24,325,6121,2006,2,14800000,3940105852,86,UUMu5gPmKp5av0QCAajKTMhw
785,Kwebbelkop,Entertainment,24,597,5337,2008,4,14800000,6688489386,4996,UUfLuMSIDmeWRYpuCQL0OJ6A
786,Zach King,Entertainment,24,289,3316,2013,10,14700000,2175832056,403,UUq8DICunczvLuJJq414110A
787,Reaction Time,Entertainment,24,61,2758,2015,4,14700000,4248958746,1680,UUhM5Ff2yVeIZ16EWiB081cg
788,Johny FamilyShow,Entertainment,24,28,1895,2017,9,14700000,7019062525,369,UUq8KR1lnewd5ZPx9_XKoubg
789,Fueled By Ramen,Entertainment,24,315,6000,2006,6,14600000,12833612147,1199,UUlVrJwcIy7saPcGc1nct80A
790,Maha Fun Tv,Entertainment,24,40,1894,2017,9,14600000,1195653873,43,UUJYi5GZRNoW1nJGU_Y1JbGA
791,The Slow Mo Guys,Entertainment,24,316,4472,2010,8,14600000,2391566103,303,UUUK0HBIBWgM2c4vsPhkYY4w
792,Chad Wild Clay,Entertainment,24,362,6075,2006,3,14400000,6289476222,657,UUwaNuezahYT3BOjfXsne2mg
793,Super Polina,Entertainment,24,427,3049,2014,7,14400000,4766934598,536,UUE76CBkDX591pxzps6bySOw
794,Rclbeauty101,Entertainment,24,76,4351,2010,12,14400000,3878526929,460,UUB0d0JLn1WcGYcwwZ87d2LA
795,Daily Dose Of Internet,Entertainment,24,835,2677,2015,7,14300000,4579446904,423,UUdC0An4ZPNr_YiFiYoVbwaw
796,Vlad and Niki ARA,Entertainment,24,43,1268,2019,5,14200000,6694758545,436,UUoxoYSL3rFXB7JSELiI5V1w
797,Nas Daily,Travel & Events,19,372,4062,2011,9,10100000,4797418779,1044,UUJsUvAqDzczYv2UpFmu4PcA
798,Best Ever Food Review Show,Travel & Events,19,983,4434,2010,9,9310000,2040938219,568,UUcAd5Np7fO8SeejB1FVKcYw
799,Jen Smith,Travel & Events,19,27,4783,2009,10,8410000,2999918099,1968,UUqIqRzEge-Qvt4Iglx-uKdQ
800,Mv Ryhan,Travel & Events,19,63,698,2020,12,7850000,6076178378,425,UUcFQLco2CA2uq9J2Uwcoi6Q
801,Travel Thirsty,Travel & Events,19,149,3584,2013,1,7840000,3506504269,779,UUHKVXtT1YBCYUnnr4apqXfg
802,Blue Club ,Travel & Events,19,31,4343,2010,12,6850000,789394951,36,UU7nGdI1YVbdj0lBqEeg8KxQ
803,Food Insider,Travel & Events,19,883,1853,2017,10,4450000,1699720140,1329,UUwiTOchWeKjrJZw7S1H__1g
804,OmarGoshTV,Travel & Events,19,504,4002,2011,11,4190000,686291673,639,UUq52Fv9Jn7js4neFjaju3Fg
805,Strictly Dumpling,Travel & Events,19,134,3304,2013,10,4140000,966795951,641,UUXOKEdfOFxsHO_-Su3K8SHg
806,Drew Binsky,Travel & Events,19,433,3762,2012,7,3330000,709218910,990,UU0Ize0RLIbGdH5x4wI45G-A
807,Kara and Nate,Travel & Events,19,998,2532,2015,12,3310000,629657943,860,UU4ijq8Cg-8zQKx8OH12dUSw
808,Kid Ink,Travel & Events,19,58,4506,2010,7,3170000,1666953782,202,UUEzb3ViT0NJ3XhbPaiRM1Qg
809,Sam Chui,Travel & Events,19,258,5488,2007,11,3150000,758343185,441,UUfYCRj25JJQ41JGPqiqXmJw
810,Johnny Harris,Travel & Events,19,289,4176,2011,6,3060000,234778144,123,UUmGSJVG3mCRXVOP4yZrU1Dw
811,shiey,Travel & Events,19,15,3340,2013,9,2410000,183742617,119,UUpXwMqnXfJzazKS5fJ8nrVw
812,Mike Tompkins,Travel & Events,19,933,5958,2006,7,2370000,421023239,209,UUYEnCCeFBCbrlmuNVzs21LQ
813,Harald Baldr,Travel & Events,19,109,2796,2015,3,2320000,307412381,233,UUKr68ZJ4vv6VloNdnS2hjhA
814,KittiesMama,Travel & Events,19,582,5208,2008,8,2300000,1562982184,1126,UUwMrVVdT2tS4_UjlqRFwQ9g
815,FUNG BROS.,Travel & Events,19,255,4193,2011,5,2170000,452692956,1101,UU9avFXTdbSo5ATvzTRnAVFg
816,Aden Films,Travel & Events,19,730,3749,2012,8,2110000,1017636135,695,UUu9g5OmzcCpcJnmSYyHnIVw
817,Lost LeBlanc,Travel & Events,19,217,2870,2015,1,2050000,201730271,786,UUt_NLJ4McJlCyYM-dSPRo7Q
818,Yummy Yammy,Travel & Events,19,180,1098,2019,11,1970000,828708014,693,UUgO0aJHs7kQ-vWSI12_TLfQ
819,RED FOOD,Travel & Events,19,77,2816,2015,2,1890000,679593847,1234,UUvWulTmPsyUscivbwE-xg2Q
820,푸디랜드 FoodieLand,Travel & Events,19,717,973,2020,3,1860000,958506611,741,UUHy8o-_zR_vHqpPN4uNUvkg
821,Theme Park Review,Travel & Events,19,864,4632,2010,3,1850000,1361850946,2750,UUT-LpxQVr4JlrC_mYwJGJ3Q
822,Attractions 360°,Travel & Events,19,656,3145,2014,4,1700000,982351913,1138,UUbDGvfJHf0r_WjS9voB8POA
823,Just Planes,Travel & Events,19,274,5907,2006,9,1620000,570676203,2586,UUr8T9rFNMB3tLAW2TSFZc2A
824,Rick Steves' Europe,Travel & Events,19,602,6097,2006,3,1610000,348005863,1920,UUchgIh8Tc4sTmBfnMQ5pDdg
825,Whitney Bjerken,Travel & Events,19,566,4207,2011,5,1610000,708835363,695,UUUPfRa2JQtzWQZC7mLsr7bQ
826,PraveenMohan,Travel & Events,19,698,4209,2011,5,1570000,243482867,578,UUe3OmUXohXrXnNZSRl5Z9kA
827,Disney Parks,Travel & Events,19,290,5828,2006,11,1570000,554491370,2222,UU1xwwLwm6WSMbUn_Tp597hQ
828,Nellifornication,Travel & Events,19,223,1478,2018,10,1500000,366248747,327,UUhsWRtPH1RZ2TCfHF_TP_kA
829,More Best Ever Food Review Show,Travel & Events,19,64,1262,2019,5,1480000,193925332,132,UUXw1ddyrUmib3zmCmvSI1ow
830,Collin Abroadcast,Travel & Events,19,115,3787,2012,7,1460000,163981325,92,UUXsQlHGuoWqukC9vz-uonrg
831,The Bucket List Family,Travel & Events,19,229,2688,2015,7,1420000,200193185,357,UUuAHfJyWROB4XRReS43EWUw
832,The Ninja Fam!,Travel & Events,19,534,725,2020,11,1390000,355460403,75,UUU3Q7YbKNK6yTsG-g7v-5Ug
833,TPMvids,Travel & Events,19,182,3219,2014,1,1350000,309914013,270,UUMddDi4iCT8Rz8L0JL-bH7Q
834,Ako Stark,Travel & Events,19,0,4466,2010,8,1340000,24151,1,UU37phS0lPRTbsAUNmTRX-Zw
835,Peter Santenello,Travel & Events,19,807,5045,2009,1,1340000,169449088,261,UU3Vuq4Q1bKFtAiKYlwRv3oA
836,Inside the Magic,Travel & Events,19,290,6045,2006,4,1330000,1212244929,5129,UUYdNtGaJkrtn04tmsmRrWlw
837,CoasterForce,Travel & Events,19,441,5984,2006,6,1280000,772051954,3362,UUIxiXRZqUv9zYVM80cz6ZnA
838,Kurt Caz,Travel & Events,19,55,2436,2016,3,1240000,141042696,111,UU29vLPlafHcsqZu3L-Rk_pA
839,Bangladeshi Food Reviewer,Travel & Events,19,589,3866,2012,4,1210000,283137836,911,UUR9-c_ryeb4OM_I3c3zUFYw
840,Vadhir Derbez,Travel & Events,19,0,5602,2007,7,1200000,86206002,153,UUMpvkv7p_TQtqhj7M-X9rxw
841,sweetandtastyTV,Travel & Events,19,101,6201,2005,11,1190000,174611052,542,UU9aWBNR-mDNzgRsO3XLJ7uw
842,FoodyTrip 푸디트립,Travel & Events,19,81,1833,2017,11,1180000,446010230,465,UUDBFchGuAOy5-2sy8nYMVxA
843,Nate & Nessa The Explorers,Travel & Events,19,604,3176,2014,3,1170000,704868964,420,UUgGwuSL-fVxZoztAR1oe5IQ
844,Miss Mina,Travel & Events,19,113,2755,2015,4,1150000,180906359,345,UU8hI77bH0VraIw6p2PHwivQ
845,Expedia,Travel & Events,19,26,5996,2006,6,1140000,291118362,674,UUGaOvAFinZ7BCN_FDmw74fQ
846,The Kleb,Travel & Events,19,79,2650,2015,8,1140000,99161856,128,UUkUCUr0wSV-eN2oRnTRS01g
847,Sunty Dreams,Travel & Events,19,778,1659,2018,4,1140000,128244283,312,UUV58hE-D4viqzIsGkJX-xtA
848,Nomadic Ambience,Travel & Events,19,343,1947,2017,7,1100000,100885605,197,UUqRTj-Nu_8to3jIBlXptOtA
849,Planet Doc Full Documentaries,Travel & Events,19,274,3265,2013,12,1080000,390743654,845,UUetpfrEDE4AgKEu4vYdwMGQ
850,Davidsbeenhere,Travel & Events,19,716,5224,2008,7,1070000,243320248,2925,UU9SSUKnJIJxUjTD3eBaymLQ
851,Adrenaline Addiction,Travel & Events,19,425,5625,2007,6,1070000,147051587,280,UUrUP38Gv4spk2rHoIxZmG3A
852,Настоящее Время. Док,Travel & Events,19,265,1437,2018,12,1000000,262909432,1434,UUJ6Pq_rvhBWQW8sw7rYlkfw
853,Amazing Places on Our Planet,Travel & Events,19,358,5434,2007,12,1000000,241865714,361,UUYWJ32GJbOgtzU2uHh0OMCQ
854,MouseSteps / JWL Media,Travel & Events,19,424,5101,2008,11,965000,773101715,5519,UUe-gHr2O_LP7t0YJYHZQZlg
855,Jankari,Travel & Events,19,545,1724,2018,2,959000,1550844,10,UUageWcrf4cav7Xk7crIKrSQ
856,4K Relaxation Channel,Travel & Events,19,918,2776,2015,4,956000,300275639,1070,UUg72Hd6UZAgPBAUZplnmPMQ
857,Mizzy's Parrots,Travel & Events,19,117,2986,2014,9,955000,357888872,57,UUocAiQFhnbR7YWwSUeNI0Tg
858,Юрий Гагарин - Russian war diggers,Travel & Events,19,895,4250,2011,3,955000,296328663,280,UU_XcL8d1lFZAlgTvDMK4leQ
859,stance,Travel & Events,19,341,3153,2014,3,946000,360174047,5276,UUgiz3Pm3FBhDyy3g_fP5OVA
860,Wolters World,Travel & Events,19,868,4950,2009,4,921000,211283313,2210,UUFr3sz2t3bDp6Cux08B93KQ
861,Nature Relaxation Films,Travel & Events,19,997,5923,2006,8,904000,272414966,565,UU4lp9Emg1ci8eo2eDkB-Tag
862,Attractions Magazine,Travel & Events,19,297,5572,2007,8,901000,617180694,7212,UUFpI4b_m-449cePVasc2_8g
863,KEEMI,Travel & Events,19,10,2624,2015,9,896000,202988773,786,UUHn2-DNS5t4tEXqBK5bHmTQ
864,TheTimTracker,Travel & Events,19,394,4887,2009,6,890000,500544937,4606,UUoocMG5lMACNKgpvqKay2lg
865,Khám phá vùng quê,Travel & Events,19,310,3446,2013,6,867000,469921112,1889,UUF0CxJWbKpjH8uTHgA-WSdQ
866,Zalmi Plays,Travel & Events,19,49,617,2021,3,864000,128234935,127,UUF0Q1KAZafJxuhWdg9PemAA
867,DFBGuide,Travel & Events,19,705,2394,2016,4,857000,265884126,1347,UUnpWedLQdHpZqhgTLdB9Yyg
868,Sailing SV Delos,Travel & Events,19,529,5659,2007,5,811000,210243244,524,UUvLc83k5o11EIF1lEo0VmuQ
869,Cheap Street Food,Travel & Events,19,73,1231,2019,7,812000,719529912,3249,UULpnxDi6izFQBeSK5aWIt2w
870,Asma Nour channel,Travel & Events,19,468,2544,2015,11,756000,49803091,330,UUGLLvnDqKdUcAuonFvtmzyQ
871,Viajando con Vero,Travel & Events,19,341,2021,2017,5,747000,221111346,311,UULWCLAx6Gbs2J75Ts5IAiKA
872,Volpe Where Are You,Travel & Events,19,68,1840,2017,10,742000,77847529,240,UUcPVzEbEIv1GUl_c4owKuhg
873,Jacob Laukaitis,Travel & Events,19,834,2837,2015,2,726000,77290518,121,UU6am0tFqAQVqYwF2YV31zZQ
874,Adnan Faruque,Travel & Events,19,760,2074,2017,3,721000,101853117,481,UUkj1SmNfhyhUDxZO7VvWB0A
875,Kraig Adams,Travel & Events,19,57,4314,2011,1,716000,44520098,163,UUpnuadQ_w3r6f4Q_NRlqd-w
876,Top Lists,Travel & Events,19,218,3149,2014,3,711000,166467528,321,UUpOlCpYDCelxVJWtbZsYOmQ
877,Dustin Cheverier,Travel & Events,19,19,1546,2018,8,710000,66513897,213,UUIeSxL6scxPTOiGOeFyT4QQ
878,Guufood,Travel & Events,19,323,2046,2017,4,710000,326854213,2575,UUheirEwFqYmjQbXQUb1w0SQ
879,J Utah,Travel & Events,19,218,3083,2014,6,707000,178190447,611,UUBcVQr-07MH-p9e2kRTdB3A
880,AwesomeDocumentary,Travel & Events,19,145,3553,2013,2,691000,407034034,727,UUAGygjFFTXzgRRhcwo0Ga4A
881,Ford Quarterman,Travel & Events,19,971,2860,2015,1,670000,65549337,170,UUjvWmAY6zNmMILCm1ECrnZg
882,Isabela Merced,Travel & Events,19,0,3776,2012,7,669000,70827013,38,UUVwGIQMTao-7DVidoyBvpDw
883,TCTVi,Travel & Events,19,216,2908,2014,11,667000,3920456,94,UUwvVlfz8Xg_o49ji_r5pdDQ
884,Nacir A.S Vlogs,Travel & Events,19,387,3354,2013,9,662000,36993554,622,UUF-q_t1V_8w_7f6TwE1kOAw
885,Timoc Vlogs,Travel & Events,19,203,3090,2014,5,636000,70640913,159,UUfD_uJ6m7UUmMGhYYtS6TyA
886,The Perkins,Travel & Events,19,0,2620,2015,9,635000,32712974,62,UU0mUI4iBn1ptBZFj_mc35kg
887,FIN FROG THAILAND,Travel & Events,19,42,3233,2014,1,633000,137165932,581,UULfZDcIh2uyLZoBdUwn_2Og
888,CheapRVliving,Travel & Events,19,785,3910,2012,2,623000,127553736,1155,UUAj7O3LCDbkIR54hAn6Zz7A
889,ThemeParkHD,Travel & Events,19,269,3644,2012,11,615000,384143670,3167,UU37BPLRnJzSuPwbV07F2PUQ
890,Gaijin Goombah,Travel & Events,19,96,3964,2012,1,603000,80538761,398,UUxNcCtPqqGIMEDwDACPVoHg
891,scooby1961,Travel & Events,19,466,5948,2006,8,601000,268408668,1299,UU1XHNZDn3btv7454Pkz7THg
892,Sharp Productions,Travel & Events,19,489,6105,2006,2,600000,409607515,1470,UUGsF1XNO_FLgjQtO6RM461A
893,Love Stories TV - Emotional Wedding Videos,Travel & Events,19,302,2603,2015,9,597000,434578440,1153,UU5ntpzpHROXC6lgBc6vuScQ
894,Making it happen Vlog,Travel & Events,19,394,2858,2015,1,594000,121806011,1606,UUuS5fmeEDpnW5JPMdRhGm7A
895,BROMAS LA CHELCHA EL KUNi,Travel & Events,19,151,2162,2016,12,592000,64894353,441,UUULyUeUUvYGWRJv-6BNPibw
896,CharlieBo313,Travel & Events,19,120,4762,2009,10,585000,224102457,1417,UUXpkSlxIY73Wr6jbCb2eKLA
897,5-Minute Crafts,Entertainment,24,202,2189,2016,11,77900000,24501241528,5780,UU295-Dw_tDNtZXFeAPAW6Aw
898,Selena Gomez,Entertainment,24,38,5392,2008,02,31700000,11921568987,188,UUPNxhDvTcytIdvwXWAm43cA
899,Troom Troom,Entertainment,24,132,2619,2015,09,23300000,9916885278,2062,UUWwqHwqLSrdWMgp5DZG5Dzg
900,Tasty,Entertainment,24,697,2487,2016,01,21000000,5569849595,4383,UUJFp8uSYCjXOMnkUyb3CQ3Q
901,5-Minute Crafts DIY,Entertainment,24,150,1760,2018,01,20800000,4968325225,4255,UU2etEuPIfohP4P53wM0KImA
902,5-Minute Crafts PLAY,Entertainment,24,148,1840,2017,10,20000000,5827295280,4718,UU57XAjJ04TY8gNxOWf-Sy0Q
903,jeffreestar,Entertainment,24,199,6116,2006,02,15900000,2586566221,433,UUkvK_5omS-42Ovgah8KRKtg
904,5-Minute Crafts FAMILY,Entertainment,24,186,1431,2018,12,15200000,5720920226,3646,UU63mNFJR8EAb8wAIJwoCmTA
905,5-Minute Crafts Recycle,Entertainment,24,62,1255,2019,06,14000000,8065703046,3043,UUCLVg6BI7NxDIp6GFKfFGFw
906,Rosanna Pansino,Entertainment,24,484,4602,2010,04,14000000,4230028369,1074,UUjwmbv6NE4mOh8Z8VhPUx1Q
907,Wengie,Entertainment,24,466,4448,2010,09,13600000,1887402665,405,UUD9PZYV5heAevh9vrsYmt1g
908,ATHLEAN-X™,Entertainment,24,922,5811,2006,12,13000000,2210692707,1314,UUe0TLA0EsQbE-MjuHXevj2A
909,Blossom,Entertainment,24,159,1991,2017,06,12600000,4393471509,626,UU2WuPTt0k8yDJpfenggOAVQ
910,Vogue,Entertainment,24,339,5250,2008,06,12300000,3665930371,2816,UURXiA3h1no_PFkb1JCP0yMA
911,123 GO!,Entertainment,24,349,1396,2019,01,12000000,4451478055,421,UUBXNpF6k2n8dsI6nBH8q4sQ
912,办公室小野 Ms Yeah,Entertainment,24,92,2097,2017,02,12000000,3665263322,384,UURB4xZ_2ew7fzmrcv8aj4Lw
913,Vy Qwaint,Entertainment,24,248,3168,2014,03,11500000,5561204780,556,UUmRY4NSGK52lP_Lz11CjdYw
914,Yoga With Adriene,Entertainment,24,967,3727,2012,08,11500000,1229578011,653,UUFKE7WVJfvaHW5q283SxchA
915,Taylor RS,Entertainment,24,264,2445,2016,03,11300000,3456506275,2004,UUCdYYruzqbr0FdNehbUoUiw
916,MyLifeAsEva,Entertainment,24,316,4129,2011,07,11300000,1536002887,329,UUAoMPWcQKA_9Af5YhWdrZgw
917,Avocado Couple I Crazy Comics,Entertainment,24,519,1567,2018,07,11300000,3061991465,698,UUzrMFWFWPou9RCMufXwWdDg
918,5-Minute Crafts LIKE,Entertainment,24,149,1018,2020,01,10900000,4556270893,2915,UUzTWHWnJ6VIcbkpqyv7_FaQ
919,5-Minute Recipes,Entertainment,24,202,1339,2019,03,10300000,3136153072,3059,UUkqaQoGJ2rAHhWk7gzsb9Aw
920,T-STUDIO,Entertainment,24,386,2722,2015,06,10200000,723092770,408,UUZGcvm26TfY3g1EQ-ohXBvg
921,5-Minute Crafts TEENS,Entertainment,24,196,1381,2019,02,9640000,2911528159,3366,UU1SaV8cJ5u5U9iEZS6QRbpg
922,Bethany Mota,Entertainment,24,119,4906,2009,06,9570000,836999043,309,UUc6W7efUSkd9YYoxOnctlFg
923,Niki and Gabi,Entertainment,24,816,3723,2012,09,9460000,1334584023,514,UUuVHOs0H5hvAHGr8O4yIBNQ
924,YouTube Viewers,Entertainment,24,539,5673,2007,05,9380000,282756884,131,UUMDQxm7cUx3yXkfeHa5zJIQ
925,Troom Troom SELECT,Entertainment,24,43,2765,2015,04,9350000,3772619955,1744,UUIJ44QRtVGm_gBh_deuL5ow
926,Tom Slime,Entertainment,24,207,2467,2016,02,9260000,3339468740,2685,UUOs8VELPB5GC_eKibH9e-CQ
927,Karina Garcia,Entertainment,24,427,3677,2012,10,9230000,1708352299,452,UUTTJMptGhfJA67e40DlqbNw
928,So Yummy,Entertainment,24,583,2158,2016,12,9170000,3255609828,653,UUH8NnRkxQg1zX7mHFRPq73g
929,La Capital,Entertainment,24,69,2316,2016,07,9060000,1819118429,312,UUEwl20VxZ3AwOgiKMZtI1GQ
930,5-Minute DECOR,Entertainment,24,236,1265,2019,05,9040000,2551734009,3522,UUDTeCWl-l9_6HPwG5ryckkQ
931,Izabela Stress,Entertainment,24,52,2473,2016,02,9010000,3706153716,1438,UU8-4DBG_s3OvpuNFdEYxnFA
932,Howcast,Entertainment,24,412,5519,2007,10,8980000,4505588702,22922,UUSpVHeDGr9UbREhRca0qwsA
933,Michelle Phan,Entertainment,24,162,5962,2006,07,8750000,1054753465,282,UUuYx81nzzz4OFQrhbKDzTng
934,Tati,Entertainment,24,174,4388,2010,11,8470000,1481764645,1782,UU4qk9TtGhBKCkoWz5qGJcGg
935,LaurDIY,Entertainment,24,61,3999,2011,12,8450000,416893137,315,UUap97Ue8K_BpKlrvQRYd6JA
936,grav3yardgirl,Entertainment,24,112,4363,2010,12,8360000,1706333038,1786,UUGwPbAQdGA3_88WBuGtg9tw
937,Natalies Outlet,Entertainment,24,485,3014,2014,08,8330000,1602879238,576,UUIOUkPJZtWThQBtkCRniSBw
938,WooHoo,Entertainment,24,98,1273,2019,05,8270000,3567688530,885,UU41GHsi-F40DiDT2DFAWW0w
939,Pipe Cleaner Crafts B,Entertainment,24,335,4248,2011,03,8170000,2953887390,426,UUOuQbxT3ChGo6B_cJz9InRg
940,"SLICK SLIME SAM - DIY, Comedy, Science",Entertainment,24,585,1860,2017,10,8150000,2919213297,867,UUw5VDXH8up3pKUppIvcstNQ
941,AlishaMarie,Entertainment,24,36,5322,2008,04,8010000,256114539,137,UUSReacwdlGHHyTIyuROhVdQ
942,Insider,Entertainment,24,831,2606,2015,09,7890000,4435473288,7433,UUHJuQZuzapBh-CuhRYxIZrg
943,Jauja Cocina Mexicana,Entertainment,24,982,3161,2014,03,7750000,1297436964,720,UUVZsY1CF9VwLTKgs9YLQkXw
944,blogilates,Entertainment,24,776,4901,2009,06,7640000,2045811024,1097,UUIJwWYOfsCfz6PjxbONYXSg
945,Brad Mondo,Entertainment,24,124,2756,2015,04,7610000,1363057816,495,UUoc_XJPj6YLMQDWtPDQcDtA
946,JerryRigEverything,Entertainment,24,931,3765,2012,07,7510000,1558462675,937,UUWFKCr40YwOZQx8FHU_ZqqQ
947,123 GO! CHALLENGE,Entertainment,24,294,1200,2019,08,7430000,2744407140,393,UU_O-vmjpkom1m5shISID94g
948,Tipsy Bartender,Entertainment,24,218,4394,2010,11,7070000,1209863736,2088,UUaDY8WjYWy36bnt0RVzSklw
949,FitnessBlender,Entertainment,24,761,4681,2010,01,6660000,1256010380,964,UUiP6wD_tYlYLYh3agzbByWQ
950,Ayatee,Entertainment,24,0,1630,2018,05,6630000,1003095374,192,UUmWV4bvAO4vUQtRZayT1usw
951,alpha m.,Entertainment,24,717,5243,2008,07,6600000,1187833505,1864,UU1KbedtKa3d5dleFR6OjQMg
952,5-Minute Crafts Tech,Entertainment,24,62,1286,2019,05,6500000,2012930800,3206,UUXFeIOYbhWHrXCIqerycvNQ
953,El Guzii,Entertainment,24,780,4883,2009,07,6490000,960248878,505,UUuGn3ioftOo6jvHE1YK4Bfw
954,Claudipia,Entertainment,24,352,3943,2012,01,6290000,629010214,408,UU6BaQ0hQcbCXmpujjaaoSqQ
955,Mr DegrEE,Entertainment,24,37,2112,2017,01,6170000,2892603451,876,UUeYTfGpNCmVhlxjQxBDrGPA
956,Bon Appétit,Entertainment,24,183,5311,2008,04,6140000,1670977921,1372,UUbpMy0Fg74eXXkvxJrtEn3w
957,Panlasang Pinoy,Entertainment,24,655,4997,2009,03,6130000,933386805,1219,UUIjw46txjW6oD4NU6FHaj_w
958,5-MINUTE REPAIR,Entertainment,24,189,1546,2018,08,6130000,1454456178,4316,UUuGS1iJpM_4ZYFp62mia2xQ
959,Carli Bybel,Entertainment,24,71,4157,2011,06,6120000,653242472,642,UU21yq4sq8uxTcfgIxxyE9VQ
960,Maangchi,Entertainment,24,410,5703,2007,04,6120000,680530744,482,UU8gFadPgK2r1ndqLI04Xvvw
961,POPSUGAR Fitness,Entertainment,24,593,4374,2010,11,6020000,944256023,1569,UUBINFWq52ShSgUFEoynfSwg
962,DOODLAND,Entertainment,24,688,1374,2019,02,5980000,2353738267,1311,UUhoKJPZ8-YcckVjkXav9PdA
963,Teachingmensfashion,Entertainment,24,78,3712,2012,09,5930000,979506120,2154,UUhNN7VBxPTiNrqjUaQd9bxA
964,Braille Skateboarding,Entertainment,24,653,6165,2005,12,5760000,1756408433,4929,UU9PgszLOAWhQC6orYejcJlw
965,dope2111,Entertainment,24,680,4885,2009,06,5750000,1337532932,247,UU_GvMVffgctSISDkeWlKhXQ
966,Charisma on Command,Entertainment,24,639,3163,2014,03,5720000,592146792,355,UUU_W0oE_ock8bWKjALiGs8Q
967,Bodybuilding.com,Entertainment,24,88,5032,2009,02,5680000,880655112,2901,UU97k3hlbE-1rVN8y56zyEEA
968,Architectural Digest,Entertainment,24,320,5898,2006,09,5670000,1052440201,548,UU0k238zFx-Z8xFH0sxCrPJg
969,Jaclyn Hill,Entertainment,24,528,4450,2010,09,5640000,615741852,423,UU6jgzx2g3nlbaYkd8EMweKA
970,Nawras Sattar|قناة نونو,Entertainment,24,930,2720,2015,06,5640000,351880300,223,UUzAkIgq9_98GxSOFP_MBwOw
971,Cocinemosjuntos.com,Entertainment,24,533,5879,2006,10,5570000,769184078,1400,UUIRNADSE7zTt6_MshDlnZSA
972,RosyMcMichael,Entertainment,24,625,4538,2010,06,5550000,1216858261,1717,UUZq1cMuSl4V3mnJCW3uTZMQ
973,Madras Samayal,Entertainment,24,522,2532,2015,12,5530000,1296465400,651,UUHGktfcQq2BY_8tGPHwvm7g
974,A Plus School,Entertainment,24,213,1123,2019,10,5490000,2879054469,2129,UUWQaDiVUXywva_9my1DTJ5A
975,Thaitrick,Entertainment,24,85,2760,2015,04,5170000,725982254,162,UUobJuNZM0teTrd2YLnDUTzA
976,Roccibella,Entertainment,24,444,2586,2015,10,5040000,391868940,1231,UUznTrr5_Jhs8ryRHNo50fBQ
977,5-MINUTE MAGIC,Entertainment,24,158,1621,2018,06,5030000,1266746456,3185,UUnobTPLeBxWHurWHq8jzsnA
978,Cooking With Lynja,Entertainment,24,46,3282,2013,11,4970000,1546517918,350,UUjvGPQTRr2eIEhthL5y31VQ
979,123 GO! FOOD,Entertainment,24,411,1235,2019,06,4900000,1704851012,294,UUHAahQqEGNM-Usc4FJTAVdw
980,Tiny Cakes,Entertainment,24,652,4617,2010,03,4870000,1730657677,901,UUFGTzZL-yxzlD2ZF90XKFkg
981,Manny Mua,Entertainment,24,546,3041,2014,07,4860000,580468654,668,UUbO9bltbkYwa56nZFQx6XJg
982,Pickle Slime,Entertainment,24,80,1961,2017,07,4740000,21039917,74,UUS83hSDCu-fVLvRLQ1aiktQ
983,La La Life,Entertainment,24,356,1076,2019,12,4740000,2539108472,363,UUvHhQJcsnDEoVMZWA5xnRZA
984,Denitslava Makeup,Entertainment,24,266,2581,2015,10,4700000,536602157,394,UUXoY0ZeHZBe0p-ByCiYP_XQ
985,Meg DeAngelis,Entertainment,24,395,5325,2008,04,4680000,243501163,166,UUJi_befq0YDYJ9fCeyHxJbg
986,albert_cancook,Entertainment,24,18,720,2020,11,4680000,2793752020,437,UU0NkSnlCOhoODbykzZwpiDw
987,Mr. Cakes,Entertainment,24,374,2111,2017,02,4680000,1422907443,590,UUPyXaNnvtIMnJ_VSgYlXIVw
988,SixPackAbs.com,Entertainment,24,709,4730,2009,12,4620000,581317644,696,UUH9ciCUcWavMsFcAJtLUSyw
989,Laura Lee,Entertainment,24,975,4905,2009,06,4610000,766677658,943,UUKMugoa0uHpjUuq14yOpagw
990,Hyram,Entertainment,24,783,2553,2015,11,4570000,410549494,561,UU2sYit3cZ2CuD_8FHYH7O_Q
991,Glamour,Entertainment,24,455,5703,2007,04,4570000,1718729355,1901,UUY9eEaH19ulZmdusctU1ejA
992,123 GO Like!,Entertainment,24,504,1108,2019,11,4560000,2067447798,474,UUu_ytbeyzLZfIKWr43QSb5A
993,Satisfying Slime Videos,Entertainment,24,265,2344,2016,06,4500000,1382998447,1438,UU2aOVFrN_7cakW2un_MkraQ
994,Bobby Duke Arts,Entertainment,24,331,3995,2011,12,4480000,451616803,104,UUSC1HqVmTaE4Shn32ihbC7w
995,Epicurious,Entertainment,24,27,5520,2007,10,4470000,1222746716,1427,UUcjhYlL1WRBjKaJsMH_h7Lg
996,Teen-Z,Entertainment,24,713,1097,2019,11,4420000,1322103239,287,UUgJMDt2yFAtWAKOIqwihLlw
